[{"__type__":"cc.Prefab","_name":"videoPrefab","data":{"__id__":1}},{"__type__":"cc.Node","_name":"videoPrefab","_active":false,"_level":1,"_components":[{"__type__":"cc.VideoPlayer","node":{"__id__":1},"_resourceType":1,"_clip":{"__uuid__":"cbNnMx2rtGZom2lMs8Pjqm"},"_N$keepAspectRatio":false},{"__type__":"73fc66lwpFK4IQAqbKU0pB/","node":{"__id__":1}}],"_prefab":{"__type__":"cc.PrefabInfo","root":{"__id__":1},"asset":{"__uuid__":"3bFvcBetBNDapvEKfIE7gN"},"fileId":"43D1RjJi9LoIe4qoyEbvT+"},"_contentSize":{"__type__":"cc.Size","width":1280,"height":720}}]