[{"__type__":"cc.SpriteFrame","content":{"name":"c_btn_rank","texture":"6ezpR5o8pCdo6ud9kNjw0z","rect":[0,0,46,54],"offset":[0,0],"originalSize":[46,54],"capInsets":[0,0,0,0]}},{"__type__":"cc.SpriteFrame","content":{"name":"hall_StoryLine","texture":"e1XerY8TJMXqfFnmGwBZOH","rect":[0,0,126,32],"offset":[0,0],"originalSize":[126,32],"capInsets":[0,0,0,0]}},{"__type__":"cc.SpriteFrame","content":{"name":"default_btn_disabled","texture":"71VhFCTINJM6/Ky3oX9nBT","rect":[0,0,40,40],"offset":[0,0],"originalSize":[40,40],"capInsets":[12,12,12,12]}},{"__type__":"cc.SpriteFrame","content":{"name":"c_underline","texture":"49WudJPSFJbKVGAKS1tJt4","rect":[0,0,354,2],"offset":[0,0],"originalSize":[354,2],"capInsets":[0,0,0,0]}},{"__type__":"cc.SpriteFrame","content":{"name":"hall_input_bg","texture":"c0FJLrwf9LUYGMx2ChAEmK","rect":[0,0,542,720],"offset":[0,0],"originalSize":[542,720],"capInsets":[0,0,0,0]}},{"__type__":"cc.SpriteFrame","content":{"name":"hall_chapter","texture":"987tVgIMRCd6hQj87/qzMW","rect":[0,0,100,32],"offset":[0,0],"originalSize":[100,32],"capInsets":[0,0,0,0]}},{"__type__":"cc.SpriteFrame","content":{"name":"c_btn_share","texture":"67PEUvFKJEKpT81VCf4k5g","rect":[0,0,46,54],"offset":[0,0],"originalSize":[46,54],"capInsets":[0,0,0,0]}},{"__type__":"cc.SpriteFrame","content":{"name":"hall_rescue_bg","texture":"07TIYW8kFKKI4Swb/zj4H6","rect":[0,0,20,22],"offset":[0,0],"originalSize":[20,22],"capInsets":[0,0,0,0]}},{"__type__":"cc.SpriteFrame","content":{"name":"hall_bg","texture":"df6JjpTLtOc75Pj6afLN5f","rect":[0,0,1280,720],"offset":[0,0],"originalSize":[1280,720],"capInsets":[0,0,0,0]}},{"__type__":"cc.SpriteFrame","content":{"name":"hall_lockchapter","texture":"9fjSCG8qpHBLA1bIxlmUJe","rect":[0,0,152,32],"offset":[0,0],"originalSize":[152,32],"capInsets":[0,0,0,0]}},{"__type__":"cc.SpriteFrame","content":{"name":"hall_rescue_bar","texture":"eedvitBxJKNZVDkEqWdtf5","rect":[0,0,672,2],"offset":[0,0],"originalSize":[672,2],"capInsets":[0,0,0,0]}},{"__type__":"cc.SpriteFrame","content":{"name":"c_icon","texture":"51DbETUm9PW5IA6c8t0an8","rect":[0,0,56,64],"offset":[0,0],"originalSize":[56,64],"capInsets":[0,0,0,0]}},{"__type__":"cc.SpriteFrame","content":{"name":"hall_rescue_progress","texture":"5bVxa8aYVCvJDN6MziyFRS","rect":[0,0,20,1],"offset":[0,0],"originalSize":[20,1],"capInsets":[0,0,0,0]}},{"__type__":"cc.SpriteFrame","content":{"name":"hall_btn_start","texture":"c94ANlcytKHIiV+SMODGFz","rect":[0,0,399,96],"offset":[0,0],"originalSize":[399,96],"capInsets":[0,0,0,0]}},{"__type__":"cc.SpriteFrame","content":{"name":"default_btn_pressed","texture":"b4P/PCArtIdIH38t6mlw8Y","rect":[0,0,40,40],"offset":[0,0],"originalSize":[40,40],"capInsets":[12,12,12,12]}},[{"__type__":"cc.SceneAsset","_name":"Game","scene":{"__id__":1},"asyncLoadAssets":null},{"__type__":"cc.Scene","_name":"New Node","_children":[{"__id__":2}],"_active":false,"_anchorPoint":{"__type__":"cc.Vec2"},"autoReleaseAssets":false},{"__type__":"cc.Node","_name":"Canvas","_parent":{"__id__":1},"_children":[{"__id__":3},{"__id__":4}],"_level":1,"_components":[{"__type__":"cc.Canvas","node":{"__id__":2},"_designResolution":{"__type__":"cc.Size","width":1280,"height":720},"_fitHeight":false},{"__type__":"b926b8mzwtLZIRgYGIC/l4U","node":{"__id__":2},"toastPrefab":{"__uuid__":"2cgG++B/xLXrys9DdkOi/l"},"settingPrefab":{"__uuid__":"1eh8yL+HxLqJqRIzf+mxd1"},"recordPrefab":{"__uuid__":"66N3MH4UNOjbAX+mdHqaI+"}}],"_contentSize":{"__type__":"cc.Size","width":1280,"height":720},"_position":{"__type__":"cc.Vec3","x":640,"y":360},"_id":"90qbxrgJ1G8oBl+V/u/uM3"},{"__type__":"cc.Node","_name":"Main Camera","_objFlags":512,"_parent":{"__id__":2},"_level":1,"_components":[{"__type__":"cc.Camera","node":{"__id__":3},"_clearFlags":7,"_depth":-1}]},{"__type__":"cc.Node","_name":"bg","_parent":{"__id__":2},"_children":[{"__id__":5},{"__id__":21}],"_level":1,"_components":[{"__type__":"cc.Sprite","node":{"__id__":4},"_materials":[{"__uuid__":"ecpdLyjvZBwrvm+cedCcQy"}],"_spriteFrame":{"__uuid__":"b2N79LLkhCm4YADPnT55GZ"}}],"_contentSize":{"__type__":"cc.Size","width":1280,"height":720}},{"__type__":"cc.Node","_name":"rightBg","_objFlags":512,"_parent":{"__id__":4},"_children":[{"__id__":6},{"__id__":9},{"__id__":10},{"__id__":13},{"__id__":14},{"__id__":17},{"__id__":18}],"_level":2,"_components":[{"__type__":"cc.Sprite","node":{"__id__":5},"_materials":[{"__uuid__":"ecpdLyjvZBwrvm+cedCcQy"}],"_spriteFrame":{"__uuid__":"42aQ1L82lDsa3rlmVmLbA0"}}],"_contentSize":{"__type__":"cc.Size","width":542,"height":720},"_anchorPoint":{"__type__":"cc.Vec2","x":1,"y":0.5},"_position":{"__type__":"cc.Vec3","x":640}},{"__type__":"cc.Node","_name":"story_btn","_parent":{"__id__":5},"_children":[{"__id__":7}],"_level":3,"_components":[{"__type__":"cc.Button","node":{"__id__":6},"clickEvents":[{"__type__":"cc.ClickEvent","target":{"__id__":2},"_componentId":"b926b8mzwtLZIRgYGIC/l4U","handler":"onStory"}],"_N$transition":2,"transition":2,"_N$normalColor":{"__type__":"cc.Color","r":230,"g":230,"b":230},"_N$pressedColor":{"__type__":"cc.Color","r":200,"g":200,"b":200},"pressedColor":{"__type__":"cc.Color","r":200,"g":200,"b":200},"_N$disabledColor":{"__type__":"cc.Color","r":120,"g":120,"b":120,"a":200},"_N$normalSprite":{"__uuid__":"1bYGHokSRDp5Pe1zsAMgwf"},"_N$pressedSprite":{"__uuid__":"1bYGHokSRDp5Pe1zsAMgwf"},"pressedSprite":{"__uuid__":"1bYGHokSRDp5Pe1zsAMgwf"},"_N$hoverSprite":{"__uuid__":"1bYGHokSRDp5Pe1zsAMgwf"},"hoverSprite":{"__uuid__":"1bYGHokSRDp5Pe1zsAMgwf"},"_N$disabledSprite":{"__uuid__":"1bYGHokSRDp5Pe1zsAMgwf"},"_N$target":{"__id__":7}}],"_contentSize":{"__type__":"cc.Size","width":126,"height":32},"_anchorPoint":{"__type__":"cc.Vec2","y":0.5},"_position":{"__type__":"cc.Vec3","x":-307.208,"y":147.533}},{"__type__":"cc.Node","_name":"Background","_parent":{"__id__":6},"_children":[{"__id__":8}],"_level":2,"_components":[{"__type__":"cc.Sprite","node":{"__id__":7},"_materials":[{"__uuid__":"ecpdLyjvZBwrvm+cedCcQy"}],"_spriteFrame":{"__uuid__":"1bYGHokSRDp5Pe1zsAMgwf"},"_type":1,"_sizeMode":0},{"__type__":"cc.Widget","node":{"__id__":7},"alignMode":0,"_alignFlags":45,"_top":-2.220446049250313e-16,"_bottom":2.220446049250313e-16,"_originalWidth":100,"_originalHeight":40}],"_color":{"__type__":"cc.Color","r":230,"g":230,"b":230},"_contentSize":{"__type__":"cc.Size","width":126,"height":32},"_position":{"__type__":"cc.Vec3","x":63}},{"__type__":"cc.Node","_name":"Label","_parent":{"__id__":7},"_level":3,"_components":[{"__type__":"cc.Label","node":{"__id__":8},"_materials":[{"__uuid__":"ecpdLyjvZBwrvm+cedCcQy"}],"_useOriginalSize":false,"_fontSize":20,"_enableWrapText":false,"_N$horizontalAlign":1,"_N$verticalAlign":1,"_N$overflow":1}],"_color":{"__type__":"cc.Color"},"_contentSize":{"__type__":"cc.Size","width":100,"height":40}},{"__type__":"cc.Node","_name":"story_line","_parent":{"__id__":5},"_level":3,"_components":[{"__type__":"cc.Sprite","node":{"__id__":9},"_materials":[{"__uuid__":"ecpdLyjvZBwrvm+cedCcQy"}],"_spriteFrame":{"__uuid__":"3euSjoNJFJBpHTtzf3JG3B"},"_sizeMode":0}],"_contentSize":{"__type__":"cc.Size","width":354,"height":1},"_anchorPoint":{"__type__":"cc.Vec2","x":1,"y":0.5},"_position":{"__type__":"cc.Vec3","x":-3.629,"y":92.056}},{"__type__":"cc.Node","_name":"chapter_btn","_parent":{"__id__":5},"_children":[{"__id__":11}],"_level":3,"_components":[{"__type__":"cc.Button","node":{"__id__":10},"clickEvents":[{"__type__":"cc.ClickEvent","target":{"__id__":2},"_componentId":"b926b8mzwtLZIRgYGIC/l4U","handler":"onChapter"}],"_N$transition":2,"transition":2,"_N$normalColor":{"__type__":"cc.Color","r":230,"g":230,"b":230},"_N$pressedColor":{"__type__":"cc.Color","r":200,"g":200,"b":200},"pressedColor":{"__type__":"cc.Color","r":200,"g":200,"b":200},"_N$disabledColor":{"__type__":"cc.Color","r":120,"g":120,"b":120,"a":200},"_N$normalSprite":{"__uuid__":"4eKmMblLNBjYm0LbSqZC/p"},"_N$pressedSprite":{"__uuid__":"4eKmMblLNBjYm0LbSqZC/p"},"pressedSprite":{"__uuid__":"4eKmMblLNBjYm0LbSqZC/p"},"_N$hoverSprite":{"__uuid__":"4eKmMblLNBjYm0LbSqZC/p"},"hoverSprite":{"__uuid__":"4eKmMblLNBjYm0LbSqZC/p"},"_N$disabledSprite":{"__uuid__":"4eKmMblLNBjYm0LbSqZC/p"},"_N$target":{"__id__":11}}],"_contentSize":{"__type__":"cc.Size","width":100,"height":32},"_position":{"__type__":"cc.Vec3","x":-288.578,"y":42.352}},{"__type__":"cc.Node","_name":"Background","_parent":{"__id__":10},"_children":[{"__id__":12}],"_level":2,"_components":[{"__type__":"cc.Sprite","node":{"__id__":11},"_materials":[{"__uuid__":"ecpdLyjvZBwrvm+cedCcQy"}],"_spriteFrame":{"__uuid__":"4eKmMblLNBjYm0LbSqZC/p"},"_type":1,"_sizeMode":0},{"__type__":"cc.Widget","node":{"__id__":11},"alignMode":0,"_alignFlags":45,"_originalWidth":100,"_originalHeight":40}],"_color":{"__type__":"cc.Color","r":230,"g":230,"b":230},"_contentSize":{"__type__":"cc.Size","width":100,"height":32}},{"__type__":"cc.Node","_name":"Label","_parent":{"__id__":11},"_level":3,"_components":[{"__type__":"cc.Label","node":{"__id__":12},"_materials":[{"__uuid__":"ecpdLyjvZBwrvm+cedCcQy"}],"_useOriginalSize":false,"_fontSize":20,"_enableWrapText":false,"_N$horizontalAlign":1,"_N$verticalAlign":1,"_N$overflow":1}],"_color":{"__type__":"cc.Color"},"_contentSize":{"__type__":"cc.Size","width":100,"height":40}},{"__type__":"cc.Node","_name":"chapter_line","_parent":{"__id__":5},"_level":3,"_components":[{"__type__":"cc.Sprite","node":{"__id__":13},"_materials":[{"__uuid__":"ecpdLyjvZBwrvm+cedCcQy"}],"_spriteFrame":{"__uuid__":"3euSjoNJFJBpHTtzf3JG3B"},"_sizeMode":0}],"_contentSize":{"__type__":"cc.Size","width":385,"height":1},"_anchorPoint":{"__type__":"cc.Vec2","x":1,"y":0.5},"_position":{"__type__":"cc.Vec3","x":-1.557,"y":-8.728}},{"__type__":"cc.Node","_name":"locakChapter_btn","_parent":{"__id__":5},"_children":[{"__id__":15}],"_level":3,"_components":[{"__type__":"cc.Button","node":{"__id__":14},"clickEvents":[{"__type__":"cc.ClickEvent","target":{"__id__":2},"_componentId":"b926b8mzwtLZIRgYGIC/l4U","handler":"onLockedChapter"}],"_N$transition":2,"transition":2,"_N$normalColor":{"__type__":"cc.Color","r":230,"g":230,"b":230},"_N$pressedColor":{"__type__":"cc.Color","r":200,"g":200,"b":200},"pressedColor":{"__type__":"cc.Color","r":200,"g":200,"b":200},"_N$disabledColor":{"__type__":"cc.Color","r":120,"g":120,"b":120,"a":200},"_N$normalSprite":{"__uuid__":"b6jj4YMQ9F06//hfwvhmqr"},"_N$pressedSprite":{"__uuid__":"b6jj4YMQ9F06//hfwvhmqr"},"pressedSprite":{"__uuid__":"b6jj4YMQ9F06//hfwvhmqr"},"_N$hoverSprite":{"__uuid__":"b6jj4YMQ9F06//hfwvhmqr"},"hoverSprite":{"__uuid__":"b6jj4YMQ9F06//hfwvhmqr"},"_N$disabledSprite":{"__uuid__":"b6jj4YMQ9F06//hfwvhmqr"},"_N$target":{"__id__":15}}],"_contentSize":{"__type__":"cc.Size","width":152,"height":32},"_position":{"__type__":"cc.Vec3","x":-296.09,"y":-64.079}},{"__type__":"cc.Node","_name":"Background","_parent":{"__id__":14},"_children":[{"__id__":16}],"_level":2,"_components":[{"__type__":"cc.Sprite","node":{"__id__":15},"_materials":[{"__uuid__":"ecpdLyjvZBwrvm+cedCcQy"}],"_spriteFrame":{"__uuid__":"b6jj4YMQ9F06//hfwvhmqr"},"_type":1,"_sizeMode":0},{"__type__":"cc.Widget","node":{"__id__":15},"alignMode":0,"_alignFlags":45,"_originalWidth":100,"_originalHeight":40}],"_color":{"__type__":"cc.Color","r":230,"g":230,"b":230},"_contentSize":{"__type__":"cc.Size","width":152,"height":32}},{"__type__":"cc.Node","_name":"Label","_parent":{"__id__":15},"_level":3,"_components":[{"__type__":"cc.Label","node":{"__id__":16},"_materials":[{"__uuid__":"ecpdLyjvZBwrvm+cedCcQy"}],"_useOriginalSize":false,"_fontSize":20,"_enableWrapText":false,"_N$horizontalAlign":1,"_N$verticalAlign":1,"_N$overflow":1}],"_color":{"__type__":"cc.Color"},"_contentSize":{"__type__":"cc.Size","width":100,"height":40}},{"__type__":"cc.Node","_name":"lockChapter_line","_parent":{"__id__":5},"_level":3,"_components":[{"__type__":"cc.Sprite","node":{"__id__":17},"_materials":[{"__uuid__":"ecpdLyjvZBwrvm+cedCcQy"}],"_spriteFrame":{"__uuid__":"3euSjoNJFJBpHTtzf3JG3B"},"_sizeMode":0}],"_contentSize":{"__type__":"cc.Size","width":415,"height":1},"_anchorPoint":{"__type__":"cc.Vec2","x":1,"y":0.5},"_position":{"__type__":"cc.Vec3","x":-0.573,"y":-124.249}},{"__type__":"cc.Node","_name":"start_btn","_parent":{"__id__":5},"_children":[{"__id__":19}],"_level":3,"_components":[{"__type__":"cc.Button","node":{"__id__":18},"_N$transition":2,"transition":2,"_N$normalColor":{"__type__":"cc.Color","r":230,"g":230,"b":230},"_N$pressedColor":{"__type__":"cc.Color","r":200,"g":200,"b":200},"pressedColor":{"__type__":"cc.Color","r":200,"g":200,"b":200},"_N$disabledColor":{"__type__":"cc.Color","r":120,"g":120,"b":120,"a":200},"_N$normalSprite":{"__uuid__":"e3fAIqt99ETqLNONgD2slI"},"_N$pressedSprite":{"__uuid__":"e97GVMl6JHh5Ml5qEDdSGa"},"pressedSprite":{"__uuid__":"e97GVMl6JHh5Ml5qEDdSGa"},"_N$hoverSprite":{"__uuid__":"f0BIwQ8D5Ml7nTNQbh1YlS"},"hoverSprite":{"__uuid__":"f0BIwQ8D5Ml7nTNQbh1YlS"},"_N$disabledSprite":{"__uuid__":"29FYIk+N1GYaeWH/q1NxQO"},"_N$target":{"__id__":19}}],"_contentSize":{"__type__":"cc.Size","width":399,"height":96},"_position":{"__type__":"cc.Vec3","x":-240.784,"y":-284.711}},{"__type__":"cc.Node","_name":"Background","_parent":{"__id__":18},"_children":[{"__id__":20}],"_level":2,"_components":[{"__type__":"cc.Sprite","node":{"__id__":19},"_materials":[{"__uuid__":"ecpdLyjvZBwrvm+cedCcQy"}],"_spriteFrame":{"__uuid__":"e3fAIqt99ETqLNONgD2slI"},"_type":1,"_sizeMode":0},{"__type__":"cc.Widget","node":{"__id__":19},"alignMode":0,"_alignFlags":45,"_originalWidth":100,"_originalHeight":40}],"_color":{"__type__":"cc.Color","r":230,"g":230,"b":230},"_contentSize":{"__type__":"cc.Size","width":399,"height":96}},{"__type__":"cc.Node","_name":"Label","_parent":{"__id__":19},"_level":3,"_components":[{"__type__":"cc.Label","node":{"__id__":20},"_materials":[{"__uuid__":"ecpdLyjvZBwrvm+cedCcQy"}],"_useOriginalSize":false,"_fontSize":20,"_enableWrapText":false,"_N$horizontalAlign":1,"_N$verticalAlign":1,"_N$overflow":1}],"_color":{"__type__":"cc.Color"},"_contentSize":{"__type__":"cc.Size","width":100,"height":40}},{"__type__":"cc.Node","_name":"leftNode","_parent":{"__id__":4},"_children":[{"__id__":22},{"__id__":23},{"__id__":24},{"__id__":25},{"__id__":26}],"_level":2},{"__type__":"cc.Node","_name":"c_icon","_parent":{"__id__":21},"_level":3,"_components":[{"__type__":"cc.Sprite","node":{"__id__":22},"_materials":[{"__uuid__":"ecpdLyjvZBwrvm+cedCcQy"}],"_spriteFrame":{"__uuid__":"d1UYwjnqNAPJ5JO51z68VY"}},{"__type__":"cc.Button","node":{"__id__":22},"clickEvents":[{"__type__":"cc.ClickEvent","target":{"__id__":2},"_componentId":"b926b8mzwtLZIRgYGIC/l4U","handler":"onUserInput"}],"_N$target":{"__id__":22}}],"_contentSize":{"__type__":"cc.Size","width":56,"height":64},"_position":{"__type__":"cc.Vec3","x":-557.411,"y":284.669}},{"__type__":"cc.Node","_name":"userName","_parent":{"__id__":21},"_level":3,"_components":[{"__type__":"cc.Label","node":{"__id__":23},"_materials":[{"__uuid__":"ecpdLyjvZBwrvm+cedCcQy"}],"_useOriginalSize":false,"_string":"玩家名字","_N$string":"玩家名字","_fontSize":24,"_lineHeight":33,"_N$horizontalAlign":1,"_N$verticalAlign":1}],"_opacity":112.2,"_contentSize":{"__type__":"cc.Size","width":96,"height":41.58},"_anchorPoint":{"__type__":"cc.Vec2","y":0.5},"_position":{"__type__":"cc.Vec3","x":-512.732,"y":283.424}},{"__type__":"cc.Node","_name":"c_btn_share","_parent":{"__id__":21},"_level":3,"_components":[{"__type__":"cc.Sprite","node":{"__id__":24},"_materials":[{"__uuid__":"ecpdLyjvZBwrvm+cedCcQy"}],"_spriteFrame":{"__uuid__":"71hFk1SP1OlIuoYaLVpbUQ"}}],"_contentSize":{"__type__":"cc.Size","width":46,"height":54},"_position":{"__type__":"cc.Vec3","x":-557.56,"y":106.917}},{"__type__":"cc.Node","_name":"c_btn_rank","_parent":{"__id__":21},"_level":3,"_components":[{"__type__":"cc.Sprite","node":{"__id__":25},"_materials":[{"__uuid__":"ecpdLyjvZBwrvm+cedCcQy"}],"_spriteFrame":{"__uuid__":"04fyuuRTZO4pHKbpnECXZc"}},{"__type__":"cc.Button","node":{"__id__":25},"clickEvents":[{"__type__":"cc.ClickEvent","target":{"__id__":2},"_componentId":"b926b8mzwtLZIRgYGIC/l4U","handler":"onRecord"}],"_N$target":{"__id__":25}}],"_contentSize":{"__type__":"cc.Size","width":46,"height":54},"_position":{"__type__":"cc.Vec3","x":-557.561,"y":197.598}},{"__type__":"cc.Node","_name":"hall_rescue_bg","_parent":{"__id__":21},"_children":[{"__id__":27},{"__id__":30}],"_level":3,"_components":[{"__type__":"cc.Sprite","node":{"__id__":26},"_materials":[{"__uuid__":"ecpdLyjvZBwrvm+cedCcQy"}],"_spriteFrame":{"__uuid__":"9aYDFi8aFL/6hmg+NelDUd"}}],"_contentSize":{"__type__":"cc.Size","width":20,"height":22},"_position":{"__type__":"cc.Vec3","x":-574.078,"y":-271.022}},{"__type__":"cc.Node","_name":"rescue_progress","_parent":{"__id__":26},"_children":[{"__id__":28}],"_level":4,"_components":[{"__type__":"cc.Sprite","node":{"__id__":27},"_materials":[{"__uuid__":"ecpdLyjvZBwrvm+cedCcQy"}],"_spriteFrame":{"__uuid__":"c78V9QRdJOZq1jsLURsrQ8"},"_type":1,"_sizeMode":0},{"__type__":"cc.ProgressBar","node":{"__id__":27},"_N$totalLength":671,"_N$barSprite":{"__id__":29},"_N$progress":0.5}],"_contentSize":{"__type__":"cc.Size","width":671,"height":1},"_anchorPoint":{"__type__":"cc.Vec2","y":0.5},"_position":{"__type__":"cc.Vec3","x":9.017,"y":0.066}},{"__type__":"cc.Node","_name":"bar","_parent":{"__id__":27},"_components":[{"__id__":29}],"_contentSize":{"__type__":"cc.Size","width":335.5,"height":1},"_anchorPoint":{"__type__":"cc.Vec2","y":0.5}},{"__type__":"cc.Sprite","node":{"__id__":28},"_materials":[{"__uuid__":"ecpdLyjvZBwrvm+cedCcQy"}],"_spriteFrame":{"__uuid__":"deKfRFbxxMUq6qOveRtCqZ"},"_type":1,"_sizeMode":0},{"__type__":"cc.Node","_name":"rescue_text","_parent":{"__id__":26},"_level":4,"_components":[{"__type__":"cc.Label","node":{"__id__":30},"_materials":[{"__uuid__":"ecpdLyjvZBwrvm+cedCcQy"}],"_useOriginalSize":false,"_string":"营救进度: 0%","_N$string":"营救进度: 0%","_fontSize":20,"_lineHeight":28,"_N$horizontalAlign":1,"_N$verticalAlign":1}],"_opacity":112.2,"_contentSize":{"__type__":"cc.Size","width":120.02,"height":35.28},"_position":{"__type__":"cc.Vec3","x":57.96,"y":-31.548}}],{"__type__":"cc.SpriteFrame","content":{"name":"default_btn_normal","texture":"e8Ueib+qJEhL6mXAHdnwbi","rect":[0,0,40,40],"offset":[0,0],"originalSize":[40,40],"capInsets":[12,12,12,12]}}]