[[{"__type__":"cc.Prefab","_name":"ToastPrefab","data":{"__id__":1}},{"__type__":"cc.Node","_name":"ToastPrefab","_children":[{"__id__":2}],"_level":1,"_components":[{"__type__":"cc.Sprite","node":{"__id__":1},"_materials":[{"__uuid__":"ecpdLyjvZBwrvm+cedCcQy"}],"_spriteFrame":{"__uuid__":"6f5LWZu5BCorPbJBUqfrdO"}}],"_prefab":{"__type__":"cc.PrefabInfo","root":{"__id__":1},"asset":{"__uuid__":"2cgG++B/xLXrys9DdkOi/l"},"fileId":"76XWqSGJVPCbzYsPax3Uvc"},"_contentSize":{"__type__":"cc.Size","width":504,"height":59}},{"__type__":"cc.Node","_name":"text","_parent":{"__id__":1},"_level":2,"_components":[{"__type__":"cc.Label","node":{"__id__":2},"_materials":[{"__uuid__":"ecpdLyjvZBwrvm+cedCcQy"}],"_useOriginalSize":false,"_string":"登陆成功","_N$string":"登陆成功","_fontSize":24,"_lineHeight":24,"_N$horizontalAlign":1,"_N$verticalAlign":1}],"_prefab":{"__type__":"cc.PrefabInfo","root":{"__id__":1},"asset":{"__uuid__":"2cgG++B/xLXrys9DdkOi/l"},"fileId":"69j/YXFQtE5rAjz+r73TfY"},"_contentSize":{"__type__":"cc.Size","width":96,"height":30.24}}],{"__type__":"cc.SpriteFrame","content":{"name":"toast","texture":"3b/2lIwwdIzq6hYY8MIaFj","rect":[0,0,504,59],"offset":[0,0],"originalSize":[504,59],"capInsets":[0,0,0,0]}}]