[[{"__type__":"cc.Prefab","_name":"setLayerPrefab","data":{"__id__":1}},{"__type__":"cc.Node","_name":"setLayerPrefab","_children":[{"__id__":2}],"_active":false,"_level":1,"_components":[{"__type__":"6bd6c/m0bZEo7EqmbtN/+eJ","node":{"__id__":1}}],"_prefab":{"__type__":"cc.PrefabInfo","root":{"__id__":1},"asset":{"__uuid__":"1eh8yL+HxLqJqRIzf+mxd1"},"fileId":"6dMITQykpBdoWtAL+3yeti"},"_contentSize":{"__type__":"cc.Size","width":40,"height":36}},{"__type__":"cc.Node","_name":"bg","_objFlags":512,"_parent":{"__id__":1},"_children":[{"__id__":3},{"__id__":6},{"__id__":7},{"__id__":8},{"__id__":15},{"__id__":22},{"__id__":28},{"__id__":34},{"__id__":35},{"__id__":36},{"__id__":37},{"__id__":40},{"__id__":43},{"__id__":44},{"__id__":45}],"_level":2,"_components":[{"__type__":"cc.Sprite","node":{"__id__":2},"_materials":[{"__uuid__":"ecpdLyjvZBwrvm+cedCcQy"}],"_spriteFrame":{"__uuid__":"f56gsu1VhG3aXLlhwteNCY"}},{"__type__":"cc.Button","node":{"__id__":2},"_N$interactable":false}],"_prefab":{"__type__":"cc.PrefabInfo","root":{"__id__":1},"asset":{"__uuid__":"1eh8yL+HxLqJqRIzf+mxd1"},"fileId":"04EMvb/ytO7ZX2mrltgP3f"},"_contentSize":{"__type__":"cc.Size","width":1280,"height":720}},{"__type__":"cc.Node","_name":"backBtn","_parent":{"__id__":2},"_children":[{"__id__":4}],"_level":3,"_components":[{"__type__":"cc.Button","node":{"__id__":3},"clickEvents":[{"__type__":"cc.ClickEvent","target":{"__id__":1},"_componentId":"6bd6c/m0bZEo7EqmbtN/+eJ","handler":"onBack"}],"_N$transition":2,"transition":2,"_N$normalColor":{"__type__":"cc.Color","r":230,"g":230,"b":230},"_N$pressedColor":{"__type__":"cc.Color","r":200,"g":200,"b":200},"pressedColor":{"__type__":"cc.Color","r":200,"g":200,"b":200},"_N$disabledColor":{"__type__":"cc.Color","r":120,"g":120,"b":120,"a":200},"_N$normalSprite":{"__uuid__":"f8hk2Had5B/7nh1hlJBDbs"},"_N$pressedSprite":{"__uuid__":"f8hk2Had5B/7nh1hlJBDbs"},"pressedSprite":{"__uuid__":"f8hk2Had5B/7nh1hlJBDbs"},"_N$hoverSprite":{"__uuid__":"f8hk2Had5B/7nh1hlJBDbs"},"hoverSprite":{"__uuid__":"f8hk2Had5B/7nh1hlJBDbs"},"_N$disabledSprite":{"__uuid__":"f8hk2Had5B/7nh1hlJBDbs"},"_N$target":{"__id__":4}}],"_prefab":{"__type__":"cc.PrefabInfo","root":{"__id__":1},"asset":{"__uuid__":"1eh8yL+HxLqJqRIzf+mxd1"},"fileId":"bbr9KzmNBLHoPtA4x1j4rY"},"_contentSize":{"__type__":"cc.Size","width":30,"height":28},"_position":{"__type__":"cc.Vec3","x":-579.894,"y":275.832}},{"__type__":"cc.Node","_name":"Background","_parent":{"__id__":3},"_children":[{"__id__":5}],"_level":2,"_components":[{"__type__":"cc.Sprite","node":{"__id__":4},"_materials":[{"__uuid__":"ecpdLyjvZBwrvm+cedCcQy"}],"_spriteFrame":{"__uuid__":"f8hk2Had5B/7nh1hlJBDbs"},"_type":1,"_sizeMode":0},{"__type__":"cc.Widget","node":{"__id__":4},"alignMode":0,"_alignFlags":45,"_originalWidth":100,"_originalHeight":40}],"_prefab":{"__type__":"cc.PrefabInfo","root":{"__id__":1},"asset":{"__uuid__":"1eh8yL+HxLqJqRIzf+mxd1"},"fileId":"49yzS/AaxMuI5UfslxpNq6"},"_color":{"__type__":"cc.Color","r":230,"g":230,"b":230},"_contentSize":{"__type__":"cc.Size","width":30,"height":28}},{"__type__":"cc.Node","_name":"Label","_parent":{"__id__":4},"_level":3,"_components":[{"__type__":"cc.Label","node":{"__id__":5},"_materials":[{"__uuid__":"ecpdLyjvZBwrvm+cedCcQy"}],"_useOriginalSize":false,"_fontSize":20,"_enableWrapText":false,"_N$horizontalAlign":1,"_N$verticalAlign":1,"_N$overflow":1}],"_prefab":{"__type__":"cc.PrefabInfo","root":{"__id__":1},"asset":{"__uuid__":"1eh8yL+HxLqJqRIzf+mxd1"},"fileId":"5d9dFSgvtHJbQgtlbI0sMG"},"_color":{"__type__":"cc.Color"},"_contentSize":{"__type__":"cc.Size","width":100,"height":40}},{"__type__":"cc.Node","_name":"set_icon","_parent":{"__id__":2},"_level":3,"_components":[{"__type__":"cc.Sprite","node":{"__id__":6},"_materials":[{"__uuid__":"ecpdLyjvZBwrvm+cedCcQy"}],"_spriteFrame":{"__uuid__":"e7qugl6FhH95jRksp1qEPS"}}],"_prefab":{"__type__":"cc.PrefabInfo","root":{"__id__":1},"asset":{"__uuid__":"1eh8yL+HxLqJqRIzf+mxd1"},"fileId":"31GwH3k8dJpbJKx0mDIn3d"},"_contentSize":{"__type__":"cc.Size","width":61,"height":29},"_anchorPoint":{"__type__":"cc.Vec2","y":0.5},"_position":{"__type__":"cc.Vec3","x":-544.856,"y":276.97}},{"__type__":"cc.Node","_name":"c_btn_share","_parent":{"__id__":2},"_level":3,"_components":[{"__type__":"cc.Sprite","node":{"__id__":7},"_materials":[{"__uuid__":"ecpdLyjvZBwrvm+cedCcQy"}],"_spriteFrame":{"__uuid__":"71hFk1SP1OlIuoYaLVpbUQ"}},{"__type__":"cc.Button","node":{"__id__":7},"clickEvents":[{"__type__":"cc.ClickEvent","target":{"__id__":1},"_componentId":"6bd6c/m0bZEo7EqmbtN/+eJ","handler":"onShare"}]}],"_prefab":{"__type__":"cc.PrefabInfo","root":{"__id__":1},"asset":{"__uuid__":"1eh8yL+HxLqJqRIzf+mxd1"},"fileId":"4bTY1xEglKypdRtR6EfP6I"},"_contentSize":{"__type__":"cc.Size","width":46,"height":54},"_position":{"__type__":"cc.Vec3","x":560.802,"y":273.106}},{"__type__":"cc.Node","_name":"c_cell_light","_parent":{"__id__":2},"_children":[{"__id__":9},{"__id__":10}],"_level":3,"_components":[{"__type__":"cc.Sprite","node":{"__id__":8},"_materials":[{"__uuid__":"ecpdLyjvZBwrvm+cedCcQy"}],"_spriteFrame":{"__uuid__":"2bCPRnaDlPooB7gfbeq7WC"},"_sizeMode":0}],"_prefab":{"__type__":"cc.PrefabInfo","root":{"__id__":1},"asset":{"__uuid__":"1eh8yL+HxLqJqRIzf+mxd1"},"fileId":"5bGICIuQdKfYqYCRwUVmDp"},"_contentSize":{"__type__":"cc.Size","width":1200,"height":80},"_position":{"__type__":"cc.Vec3","x":-0.3439999999999994,"y":76.462}},{"__type__":"cc.Node","_name":"set_icon_light","_parent":{"__id__":8},"_level":4,"_components":[{"__type__":"cc.Sprite","node":{"__id__":9},"_materials":[{"__uuid__":"ecpdLyjvZBwrvm+cedCcQy"}],"_spriteFrame":{"__uuid__":"3fW0ooWCBAFb8CIQcgw7Rr"}}],"_prefab":{"__type__":"cc.PrefabInfo","root":{"__id__":1},"asset":{"__uuid__":"1eh8yL+HxLqJqRIzf+mxd1"},"fileId":"24e7Yct7tIH53nNmuI0yxY"},"_contentSize":{"__type__":"cc.Size","width":48,"height":23},"_position":{"__type__":"cc.Vec3","x":-550.012,"y":0.684}},{"__type__":"cc.Node","_name":"light_slider","_parent":{"__id__":8},"_children":[{"__id__":11},{"__id__":12},{"__id__":13}],"_level":4,"_components":[{"__type__":"cc.Slider","node":{"__id__":10},"slideEvents":[{"__type__":"cc.ClickEvent","target":{"__id__":1},"_componentId":"6bd6c/m0bZEo7EqmbtN/+eJ","handler":"onLightSlider"}],"_N$handle":{"__id__":14},"_N$progress":0.1}],"_prefab":{"__type__":"cc.PrefabInfo","root":{"__id__":1},"asset":{"__uuid__":"1eh8yL+HxLqJqRIzf+mxd1"},"fileId":"5cXzTpIAlPcKRhBf7DhkKk"},"_contentSize":{"__type__":"cc.Size","width":1037,"height":20},"_position":{"__type__":"cc.Vec3","x":31.488,"y":1.234}},{"__type__":"cc.Node","_name":"Background","_parent":{"__id__":10},"_components":[{"__type__":"cc.Sprite","node":{"__id__":11},"_materials":[{"__uuid__":"ecpdLyjvZBwrvm+cedCcQy"}],"_spriteFrame":{"__uuid__":"a7Mvfz8JtBBrzib4EotiKv"},"_type":1,"_sizeMode":0}],"_prefab":{"__type__":"cc.PrefabInfo","root":{"__id__":1},"asset":{"__uuid__":"1eh8yL+HxLqJqRIzf+mxd1"},"fileId":"8d9RbCmadCs5Su1WWs6Wr7"},"_contentSize":{"__type__":"cc.Size","width":1037,"height":6}},{"__type__":"cc.Node","_name":"silder_progress","_parent":{"__id__":10},"_level":4,"_components":[{"__type__":"cc.Sprite","node":{"__id__":12},"_materials":[{"__uuid__":"ecpdLyjvZBwrvm+cedCcQy"}],"_spriteFrame":{"__uuid__":"57JoiE5uVMLKoZGllNROqO"},"_sizeMode":0}],"_prefab":{"__type__":"cc.PrefabInfo","root":{"__id__":1},"asset":{"__uuid__":"1eh8yL+HxLqJqRIzf+mxd1"},"fileId":"34PI+epRNKSZC3ozscYCdN"},"_contentSize":{"__type__":"cc.Size","width":100,"height":6},"_anchorPoint":{"__type__":"cc.Vec2","y":0.5},"_position":{"__type__":"cc.Vec3","x":-518.689}},{"__type__":"cc.Node","_name":"Handle","_parent":{"__id__":10},"_components":[{"__type__":"cc.Sprite","node":{"__id__":13},"_materials":[{"__uuid__":"ecpdLyjvZBwrvm+cedCcQy"}],"_spriteFrame":{"__uuid__":"6ePKzzmJVEFr2uz20otdvl"},"_type":1,"_sizeMode":2},{"__id__":14}],"_prefab":{"__type__":"cc.PrefabInfo","root":{"__id__":1},"asset":{"__uuid__":"1eh8yL+HxLqJqRIzf+mxd1"},"fileId":"f34FpqxodKdLubRsGQ9cax"},"_contentSize":{"__type__":"cc.Size","width":28,"height":32},"_position":{"__type__":"cc.Vec3","x":-414.8}},{"__type__":"cc.Button","node":{"__id__":13},"zoomScale":1.1,"_N$enableAutoGrayEffect":true,"_N$transition":3,"transition":3,"_N$normalColor":{"__type__":"cc.Color","r":255,"g":255,"b":255},"_N$pressedColor":{"__type__":"cc.Color","r":255,"g":255,"b":255},"pressedColor":{"__type__":"cc.Color","r":255,"g":255,"b":255},"_N$disabledColor":{"__type__":"cc.Color","r":255,"g":255,"b":255},"_N$normalSprite":{"__uuid__":"e7q6FL+VZEgLJUjVeDLic/"},"_N$pressedSprite":{"__uuid__":"e7q6FL+VZEgLJUjVeDLic/"},"pressedSprite":{"__uuid__":"e7q6FL+VZEgLJUjVeDLic/"},"_N$hoverSprite":{"__uuid__":"e7q6FL+VZEgLJUjVeDLic/"},"hoverSprite":{"__uuid__":"e7q6FL+VZEgLJUjVeDLic/"},"_N$disabledSprite":{"__uuid__":"29FYIk+N1GYaeWH/q1NxQO"},"_N$target":{"__id__":13}},{"__type__":"cc.Node","_name":"c_cell_voice","_parent":{"__id__":2},"_children":[{"__id__":16},{"__id__":21}],"_level":3,"_components":[{"__type__":"cc.Sprite","node":{"__id__":15},"_materials":[{"__uuid__":"ecpdLyjvZBwrvm+cedCcQy"}],"_spriteFrame":{"__uuid__":"2bCPRnaDlPooB7gfbeq7WC"},"_sizeMode":0}],"_prefab":{"__type__":"cc.PrefabInfo","root":{"__id__":1},"asset":{"__uuid__":"1eh8yL+HxLqJqRIzf+mxd1"},"fileId":"da4nfwgBZOBrLTsP79jRol"},"_contentSize":{"__type__":"cc.Size","width":1200,"height":80},"_position":{"__type__":"cc.Vec3","x":-1.0990000000000002,"y":-21.167}},{"__type__":"cc.Node","_name":"music_slider","_parent":{"__id__":15},"_children":[{"__id__":17},{"__id__":18},{"__id__":19}],"_level":4,"_components":[{"__type__":"cc.Slider","node":{"__id__":16},"slideEvents":[{"__type__":"cc.ClickEvent","target":{"__id__":1},"_componentId":"6bd6c/m0bZEo7EqmbtN/+eJ","handler":"onMusicSlider"}],"_N$handle":{"__id__":20},"_N$progress":0.1}],"_prefab":{"__type__":"cc.PrefabInfo","root":{"__id__":1},"asset":{"__uuid__":"1eh8yL+HxLqJqRIzf+mxd1"},"fileId":"30HIA3/exNAYNH1m+QW9Q1"},"_contentSize":{"__type__":"cc.Size","width":1037,"height":20},"_position":{"__type__":"cc.Vec3","x":32.243,"y":-0.137}},{"__type__":"cc.Node","_name":"Background","_parent":{"__id__":16},"_components":[{"__type__":"cc.Sprite","node":{"__id__":17},"_materials":[{"__uuid__":"ecpdLyjvZBwrvm+cedCcQy"}],"_spriteFrame":{"__uuid__":"a7Mvfz8JtBBrzib4EotiKv"},"_type":1,"_sizeMode":0}],"_prefab":{"__type__":"cc.PrefabInfo","root":{"__id__":1},"asset":{"__uuid__":"1eh8yL+HxLqJqRIzf+mxd1"},"fileId":"70kEwCgdNIWoTGIKMUEZSf"},"_contentSize":{"__type__":"cc.Size","width":1037,"height":6}},{"__type__":"cc.Node","_name":"silder_progress","_parent":{"__id__":16},"_level":4,"_components":[{"__type__":"cc.Sprite","node":{"__id__":18},"_materials":[{"__uuid__":"ecpdLyjvZBwrvm+cedCcQy"}],"_spriteFrame":{"__uuid__":"57JoiE5uVMLKoZGllNROqO"},"_sizeMode":0}],"_prefab":{"__type__":"cc.PrefabInfo","root":{"__id__":1},"asset":{"__uuid__":"1eh8yL+HxLqJqRIzf+mxd1"},"fileId":"fescYkvM5NA7USGI1vXAwd"},"_contentSize":{"__type__":"cc.Size","width":100,"height":6},"_anchorPoint":{"__type__":"cc.Vec2","y":0.5},"_position":{"__type__":"cc.Vec3","x":-518.689}},{"__type__":"cc.Node","_name":"Handle","_parent":{"__id__":16},"_components":[{"__type__":"cc.Sprite","node":{"__id__":19},"_materials":[{"__uuid__":"ecpdLyjvZBwrvm+cedCcQy"}],"_spriteFrame":{"__uuid__":"6ePKzzmJVEFr2uz20otdvl"},"_type":1,"_sizeMode":2},{"__id__":20}],"_prefab":{"__type__":"cc.PrefabInfo","root":{"__id__":1},"asset":{"__uuid__":"1eh8yL+HxLqJqRIzf+mxd1"},"fileId":"e6e1aF51lMDbw/ySF5Thj6"},"_contentSize":{"__type__":"cc.Size","width":28,"height":32},"_position":{"__type__":"cc.Vec3","x":-414.8}},{"__type__":"cc.Button","node":{"__id__":19},"zoomScale":1.1,"_N$enableAutoGrayEffect":true,"_N$transition":3,"transition":3,"_N$normalColor":{"__type__":"cc.Color","r":255,"g":255,"b":255},"_N$pressedColor":{"__type__":"cc.Color","r":255,"g":255,"b":255},"pressedColor":{"__type__":"cc.Color","r":255,"g":255,"b":255},"_N$disabledColor":{"__type__":"cc.Color","r":255,"g":255,"b":255},"_N$normalSprite":{"__uuid__":"e7q6FL+VZEgLJUjVeDLic/"},"_N$pressedSprite":{"__uuid__":"e7q6FL+VZEgLJUjVeDLic/"},"pressedSprite":{"__uuid__":"e7q6FL+VZEgLJUjVeDLic/"},"_N$hoverSprite":{"__uuid__":"e7q6FL+VZEgLJUjVeDLic/"},"hoverSprite":{"__uuid__":"e7q6FL+VZEgLJUjVeDLic/"},"_N$disabledSprite":{"__uuid__":"29FYIk+N1GYaeWH/q1NxQO"},"_N$target":{"__id__":19}},{"__type__":"cc.Node","_name":"set_icon_voice","_parent":{"__id__":15},"_level":4,"_components":[{"__type__":"cc.Sprite","node":{"__id__":21},"_materials":[{"__uuid__":"ecpdLyjvZBwrvm+cedCcQy"}],"_spriteFrame":{"__uuid__":"854kRfMFxFWKmAuawBf4gU"}}],"_prefab":{"__type__":"cc.PrefabInfo","root":{"__id__":1},"asset":{"__uuid__":"1eh8yL+HxLqJqRIzf+mxd1"},"fileId":"68SOuKo7dHUInBPrU06Mcd"},"_contentSize":{"__type__":"cc.Size","width":49,"height":23},"_position":{"__type__":"cc.Vec3","x":-549.257,"y":-2.137}},{"__type__":"cc.Node","_name":"c_cell_music","_parent":{"__id__":2},"_children":[{"__id__":23},{"__id__":27}],"_level":3,"_components":[{"__type__":"cc.Sprite","node":{"__id__":22},"_materials":[{"__uuid__":"ecpdLyjvZBwrvm+cedCcQy"}],"_spriteFrame":{"__uuid__":"2bCPRnaDlPooB7gfbeq7WC"},"_sizeMode":0}],"_prefab":{"__type__":"cc.PrefabInfo","root":{"__id__":1},"asset":{"__uuid__":"1eh8yL+HxLqJqRIzf+mxd1"},"fileId":"6d57oOHpFMnZ6dbPmMijSE"},"_contentSize":{"__type__":"cc.Size","width":590,"height":80},"_position":{"__type__":"cc.Vec3","x":-305.193,"y":-123.601}},{"__type__":"cc.Node","_name":"music_checkbox","_parent":{"__id__":22},"_children":[{"__id__":24},{"__id__":25}],"_level":4,"_components":[{"__type__":"cc.Toggle","node":{"__id__":23},"_N$transition":3,"transition":3,"_N$target":{"__id__":24},"checkMark":{"__id__":26},"checkEvents":[{"__type__":"cc.ClickEvent","target":{"__id__":1},"_componentId":"6bd6c/m0bZEo7EqmbtN/+eJ","handler":"onMusicCheckBox"}]}],"_prefab":{"__type__":"cc.PrefabInfo","root":{"__id__":1},"asset":{"__uuid__":"1eh8yL+HxLqJqRIzf+mxd1"},"fileId":"a4sg46q9ZLULHPOtCVDb7m"},"_contentSize":{"__type__":"cc.Size","width":28,"height":28},"_position":{"__type__":"cc.Vec3","x":233.623,"y":-2.25}},{"__type__":"cc.Node","_name":"Background","_parent":{"__id__":23},"_active":false,"_components":[{"__type__":"cc.Sprite","node":{"__id__":24},"_materials":[{"__uuid__":"ecpdLyjvZBwrvm+cedCcQy"}],"_spriteFrame":{"__uuid__":"d5njjMOdZMdr12+XJ0JfRT"}}],"_prefab":{"__type__":"cc.PrefabInfo","root":{"__id__":1},"asset":{"__uuid__":"1eh8yL+HxLqJqRIzf+mxd1"},"fileId":"b6oOEKNy1KFpDpu3CPRWPg"},"_contentSize":{"__type__":"cc.Size","width":85,"height":40}},{"__type__":"cc.Node","_name":"checkmark","_parent":{"__id__":23},"_components":[{"__id__":26}],"_prefab":{"__type__":"cc.PrefabInfo","root":{"__id__":1},"asset":{"__uuid__":"1eh8yL+HxLqJqRIzf+mxd1"},"fileId":"54VAmRVhpF1Z2GHWV6sYi9"},"_contentSize":{"__type__":"cc.Size","width":85,"height":40}},{"__type__":"cc.Sprite","node":{"__id__":25},"_materials":[{"__uuid__":"ecpdLyjvZBwrvm+cedCcQy"}],"_spriteFrame":{"__uuid__":"9fWmI7v6VC27F0UiDtDYvQ"},"_sizeMode":2,"_isTrimmedMode":false},{"__type__":"cc.Node","_name":"set_icon_music","_parent":{"__id__":22},"_level":4,"_components":[{"__type__":"cc.Sprite","node":{"__id__":27},"_materials":[{"__uuid__":"ecpdLyjvZBwrvm+cedCcQy"}],"_spriteFrame":{"__uuid__":"eeY48U7/BC9oBaqv/IOe5U"}}],"_prefab":{"__type__":"cc.PrefabInfo","root":{"__id__":1},"asset":{"__uuid__":"1eh8yL+HxLqJqRIzf+mxd1"},"fileId":"1aGifkyCdAopPm3Niz9SQC"},"_contentSize":{"__type__":"cc.Size","width":49,"height":23},"_position":{"__type__":"cc.Vec3","x":-246.34,"y":2.246}},{"__type__":"cc.Node","_name":"c_cell_sound","_parent":{"__id__":2},"_children":[{"__id__":29},{"__id__":33}],"_level":3,"_components":[{"__type__":"cc.Sprite","node":{"__id__":28},"_materials":[{"__uuid__":"ecpdLyjvZBwrvm+cedCcQy"}],"_spriteFrame":{"__uuid__":"2bCPRnaDlPooB7gfbeq7WC"},"_sizeMode":0}],"_prefab":{"__type__":"cc.PrefabInfo","root":{"__id__":1},"asset":{"__uuid__":"1eh8yL+HxLqJqRIzf+mxd1"},"fileId":"b8o/W5aKZFMa7tfBtPFcmK"},"_contentSize":{"__type__":"cc.Size","width":590,"height":80},"_position":{"__type__":"cc.Vec3","x":302.857,"y":-122.363}},{"__type__":"cc.Node","_name":"sound_checkbox","_parent":{"__id__":28},"_children":[{"__id__":30},{"__id__":31}],"_level":4,"_components":[{"__type__":"cc.Toggle","node":{"__id__":29},"_N$transition":3,"transition":3,"_N$target":{"__id__":30},"checkMark":{"__id__":32},"checkEvents":[{"__type__":"cc.ClickEvent","target":{"__id__":1},"_componentId":"6bd6c/m0bZEo7EqmbtN/+eJ","handler":"onSoundCheckBox"}]}],"_prefab":{"__type__":"cc.PrefabInfo","root":{"__id__":1},"asset":{"__uuid__":"1eh8yL+HxLqJqRIzf+mxd1"},"fileId":"5dGpj/KDNLAZs/hycl5n0A"},"_contentSize":{"__type__":"cc.Size","width":28,"height":28},"_position":{"__type__":"cc.Vec3","x":233.252,"y":0.434}},{"__type__":"cc.Node","_name":"Background","_parent":{"__id__":29},"_active":false,"_components":[{"__type__":"cc.Sprite","node":{"__id__":30},"_materials":[{"__uuid__":"ecpdLyjvZBwrvm+cedCcQy"}],"_spriteFrame":{"__uuid__":"d5njjMOdZMdr12+XJ0JfRT"}}],"_prefab":{"__type__":"cc.PrefabInfo","root":{"__id__":1},"asset":{"__uuid__":"1eh8yL+HxLqJqRIzf+mxd1"},"fileId":"feUX4gYzdK07Zx5YIaO3tb"},"_contentSize":{"__type__":"cc.Size","width":85,"height":40}},{"__type__":"cc.Node","_name":"checkmark","_parent":{"__id__":29},"_components":[{"__id__":32}],"_prefab":{"__type__":"cc.PrefabInfo","root":{"__id__":1},"asset":{"__uuid__":"1eh8yL+HxLqJqRIzf+mxd1"},"fileId":"dbTXEh5EFLKKg0jrClwM42"},"_contentSize":{"__type__":"cc.Size","width":85,"height":40}},{"__type__":"cc.Sprite","node":{"__id__":31},"_materials":[{"__uuid__":"ecpdLyjvZBwrvm+cedCcQy"}],"_spriteFrame":{"__uuid__":"9fWmI7v6VC27F0UiDtDYvQ"},"_sizeMode":2,"_isTrimmedMode":false},{"__type__":"cc.Node","_name":"set_icon_sound","_parent":{"__id__":28},"_level":4,"_components":[{"__type__":"cc.Sprite","node":{"__id__":33},"_materials":[{"__uuid__":"ecpdLyjvZBwrvm+cedCcQy"}],"_spriteFrame":{"__uuid__":"b1DeV1yFlD7LQkgRw8/Qml"}}],"_prefab":{"__type__":"cc.PrefabInfo","root":{"__id__":1},"asset":{"__uuid__":"1eh8yL+HxLqJqRIzf+mxd1"},"fileId":"43dCd2sMRI15/9EEQLhKrZ"},"_contentSize":{"__type__":"cc.Size","width":49,"height":23},"_position":{"__type__":"cc.Vec3","x":-246.883,"y":-1.597}},{"__type__":"cc.Node","_name":"kefu_start","_parent":{"__id__":2},"_level":3,"_components":[{"__type__":"cc.Label","node":{"__id__":34},"_materials":[{"__uuid__":"ecpdLyjvZBwrvm+cedCcQy"}],"_useOriginalSize":false,"_string":"客服中心","_N$string":"客服中心","_fontSize":28,"_lineHeight":28,"_N$horizontalAlign":1,"_N$verticalAlign":1}],"_prefab":{"__type__":"cc.PrefabInfo","root":{"__id__":1},"asset":{"__uuid__":"1eh8yL+HxLqJqRIzf+mxd1"},"fileId":"98nQhangpHKIA9iYud6UMZ"},"_opacity":112.2,"_contentSize":{"__type__":"cc.Size","width":112,"height":35.28},"_anchorPoint":{"__type__":"cc.Vec2","y":1},"_position":{"__type__":"cc.Vec3","x":-574.856,"y":-280.03}},{"__type__":"cc.Node","_name":"yinsi_start","_parent":{"__id__":2},"_level":3,"_components":[{"__type__":"cc.Label","node":{"__id__":35},"_materials":[{"__uuid__":"ecpdLyjvZBwrvm+cedCcQy"}],"_useOriginalSize":false,"_string":"客服中心","_N$string":"客服中心","_fontSize":28,"_lineHeight":28,"_N$horizontalAlign":1,"_N$verticalAlign":1}],"_prefab":{"__type__":"cc.PrefabInfo","root":{"__id__":1},"asset":{"__uuid__":"1eh8yL+HxLqJqRIzf+mxd1"},"fileId":"7aBOpkODFCVYo3VVx2FXk/"},"_opacity":112.2,"_contentSize":{"__type__":"cc.Size","width":112,"height":35.28},"_anchorPoint":{"__type__":"cc.Vec2","y":1},"_position":{"__type__":"cc.Vec3","x":-375.856,"y":-280.03}},{"__type__":"cc.Node","_name":"service_start","_parent":{"__id__":2},"_level":3,"_components":[{"__type__":"cc.Label","node":{"__id__":36},"_materials":[{"__uuid__":"ecpdLyjvZBwrvm+cedCcQy"}],"_useOriginalSize":false,"_string":"客服中心","_N$string":"客服中心","_fontSize":28,"_lineHeight":28,"_N$horizontalAlign":1,"_N$verticalAlign":1}],"_prefab":{"__type__":"cc.PrefabInfo","root":{"__id__":1},"asset":{"__uuid__":"1eh8yL+HxLqJqRIzf+mxd1"},"fileId":"54OoqQjF1ISb/oVv988V+Q"},"_opacity":112.2,"_contentSize":{"__type__":"cc.Size","width":112,"height":35.28},"_anchorPoint":{"__type__":"cc.Vec2","y":1},"_position":{"__type__":"cc.Vec3","x":-176.856,"y":-280.03}},{"__type__":"cc.Node","_name":"share_btn","_parent":{"__id__":2},"_children":[{"__id__":38}],"_level":3,"_components":[{"__type__":"cc.Button","node":{"__id__":37},"_N$transition":2,"transition":2,"_N$normalColor":{"__type__":"cc.Color","r":230,"g":230,"b":230},"_N$pressedColor":{"__type__":"cc.Color","r":200,"g":200,"b":200},"pressedColor":{"__type__":"cc.Color","r":200,"g":200,"b":200},"_N$disabledColor":{"__type__":"cc.Color","r":120,"g":120,"b":120,"a":200},"_N$pressedSprite":{"__uuid__":"e97GVMl6JHh5Ml5qEDdSGa"},"pressedSprite":{"__uuid__":"e97GVMl6JHh5Ml5qEDdSGa"},"_N$hoverSprite":{"__uuid__":"f0BIwQ8D5Ml7nTNQbh1YlS"},"hoverSprite":{"__uuid__":"f0BIwQ8D5Ml7nTNQbh1YlS"},"_N$disabledSprite":{"__uuid__":"29FYIk+N1GYaeWH/q1NxQO"},"_N$target":{"__id__":38}}],"_prefab":{"__type__":"cc.PrefabInfo","root":{"__id__":1},"asset":{"__uuid__":"1eh8yL+HxLqJqRIzf+mxd1"},"fileId":"5bqXYCeUFCZJLALz6JqlJC"},"_contentSize":{"__type__":"cc.Size","width":46,"height":54},"_position":{"__type__":"cc.Vec3","x":584.212,"y":-78.646}},{"__type__":"cc.Node","_name":"Background","_parent":{"__id__":37},"_children":[{"__id__":39}],"_level":2,"_components":[{"__type__":"cc.Sprite","node":{"__id__":38},"_materials":[{"__uuid__":"ecpdLyjvZBwrvm+cedCcQy"}],"_type":1,"_sizeMode":0},{"__type__":"cc.Widget","node":{"__id__":38},"alignMode":0,"_alignFlags":45,"_originalWidth":100,"_originalHeight":40}],"_prefab":{"__type__":"cc.PrefabInfo","root":{"__id__":1},"asset":{"__uuid__":"1eh8yL+HxLqJqRIzf+mxd1"},"fileId":"61WWvhG+lE7pOLi6xnYlAs"},"_color":{"__type__":"cc.Color","r":230,"g":230,"b":230},"_contentSize":{"__type__":"cc.Size","width":46,"height":54}},{"__type__":"cc.Node","_name":"Label","_parent":{"__id__":38},"_level":3,"_components":[{"__type__":"cc.Label","node":{"__id__":39},"_materials":[{"__uuid__":"ecpdLyjvZBwrvm+cedCcQy"}],"_useOriginalSize":false,"_fontSize":20,"_enableWrapText":false,"_N$horizontalAlign":1,"_N$verticalAlign":1,"_N$overflow":1}],"_prefab":{"__type__":"cc.PrefabInfo","root":{"__id__":1},"asset":{"__uuid__":"1eh8yL+HxLqJqRIzf+mxd1"},"fileId":"51iIngE3pAX75+l8WwI913"},"_color":{"__type__":"cc.Color"},"_contentSize":{"__type__":"cc.Size","width":100,"height":40}},{"__type__":"cc.Node","_name":"logout_btn","_parent":{"__id__":2},"_children":[{"__id__":41}],"_level":3,"_components":[{"__type__":"cc.Button","node":{"__id__":40},"clickEvents":[{"__type__":"cc.ClickEvent","target":{"__id__":1},"_componentId":"6bd6c/m0bZEo7EqmbtN/+eJ","handler":"onLogOut"}],"_N$transition":2,"transition":2,"_N$normalColor":{"__type__":"cc.Color","r":230,"g":230,"b":230},"_N$pressedColor":{"__type__":"cc.Color","r":200,"g":200,"b":200},"pressedColor":{"__type__":"cc.Color","r":200,"g":200,"b":200},"_N$disabledColor":{"__type__":"cc.Color","r":120,"g":120,"b":120,"a":200},"_N$normalSprite":{"__uuid__":"e3Wf7QCptMqoXog5N1/rkx"},"_N$pressedSprite":{"__uuid__":"e3Wf7QCptMqoXog5N1/rkx"},"pressedSprite":{"__uuid__":"e3Wf7QCptMqoXog5N1/rkx"},"_N$hoverSprite":{"__uuid__":"e3Wf7QCptMqoXog5N1/rkx"},"hoverSprite":{"__uuid__":"e3Wf7QCptMqoXog5N1/rkx"},"_N$disabledSprite":{"__uuid__":"e3Wf7QCptMqoXog5N1/rkx"},"_N$target":{"__id__":41}}],"_prefab":{"__type__":"cc.PrefabInfo","root":{"__id__":1},"asset":{"__uuid__":"1eh8yL+HxLqJqRIzf+mxd1"},"fileId":"7e/82lfDZPqKrPS8y9FgRr"},"_contentSize":{"__type__":"cc.Size","width":111,"height":120},"_position":{"__type__":"cc.Vec3","x":545.692,"y":-264.263}},{"__type__":"cc.Node","_name":"Background","_parent":{"__id__":40},"_children":[{"__id__":42}],"_level":2,"_components":[{"__type__":"cc.Sprite","node":{"__id__":41},"_materials":[{"__uuid__":"ecpdLyjvZBwrvm+cedCcQy"}],"_spriteFrame":{"__uuid__":"e3Wf7QCptMqoXog5N1/rkx"},"_type":1,"_sizeMode":0},{"__type__":"cc.Widget","node":{"__id__":41},"alignMode":0,"_alignFlags":45,"_originalWidth":100,"_originalHeight":40}],"_prefab":{"__type__":"cc.PrefabInfo","root":{"__id__":1},"asset":{"__uuid__":"1eh8yL+HxLqJqRIzf+mxd1"},"fileId":"6eDINex51Bk7ljnG7Z56UF"},"_color":{"__type__":"cc.Color","r":230,"g":230,"b":230},"_contentSize":{"__type__":"cc.Size","width":111,"height":120}},{"__type__":"cc.Node","_name":"Label","_parent":{"__id__":41},"_level":3,"_components":[{"__type__":"cc.Label","node":{"__id__":42},"_materials":[{"__uuid__":"ecpdLyjvZBwrvm+cedCcQy"}],"_useOriginalSize":false,"_string":"注销","_N$string":"注销","_fontSize":20,"_enableWrapText":false,"_N$horizontalAlign":1,"_N$verticalAlign":1,"_N$overflow":1}],"_prefab":{"__type__":"cc.PrefabInfo","root":{"__id__":1},"asset":{"__uuid__":"1eh8yL+HxLqJqRIzf+mxd1"},"fileId":"55vUo9f1pOU56etJH/xlOh"},"_contentSize":{"__type__":"cc.Size","width":100,"height":40},"_position":{"__type__":"cc.Vec3","x":-1.758,"y":-59.233}},{"__type__":"cc.Node","_name":"userName","_parent":{"__id__":2},"_level":3,"_components":[{"__type__":"cc.Label","node":{"__id__":43},"_materials":[{"__uuid__":"ecpdLyjvZBwrvm+cedCcQy"}],"_useOriginalSize":false,"_string":"果粒橙","_N$string":"果粒橙","_fontSize":24,"_lineHeight":33,"_N$horizontalAlign":1,"_N$verticalAlign":1}],"_prefab":{"__type__":"cc.PrefabInfo","root":{"__id__":1},"asset":{"__uuid__":"1eh8yL+HxLqJqRIzf+mxd1"},"fileId":"dcZIuQbD9FkJnBNe4opqR8"},"_opacity":112.2,"_contentSize":{"__type__":"cc.Size","width":72,"height":41.58},"_anchorPoint":{"__type__":"cc.Vec2","y":0.5},"_position":{"__type__":"cc.Vec3","x":-517.272,"y":207.87}},{"__type__":"cc.Node","_name":"userID","_parent":{"__id__":2},"_level":3,"_components":[{"__type__":"cc.Label","node":{"__id__":44},"_materials":[{"__uuid__":"ecpdLyjvZBwrvm+cedCcQy"}],"_useOriginalSize":false,"_string":"123456","_N$string":"123456","_fontSize":24,"_lineHeight":33,"_N$horizontalAlign":1,"_N$verticalAlign":1}],"_prefab":{"__type__":"cc.PrefabInfo","root":{"__id__":1},"asset":{"__uuid__":"1eh8yL+HxLqJqRIzf+mxd1"},"fileId":"76fdge0RpB5IMB+coh2Ncl"},"_opacity":112.2,"_contentSize":{"__type__":"cc.Size","width":80.09,"height":41.58},"_anchorPoint":{"__type__":"cc.Vec2","y":0.5},"_position":{"__type__":"cc.Vec3","x":-519.364,"y":177.484}},{"__type__":"cc.Node","_name":"c_icon","_parent":{"__id__":2},"_level":3,"_components":[{"__type__":"cc.Sprite","node":{"__id__":45},"_materials":[{"__uuid__":"ecpdLyjvZBwrvm+cedCcQy"}],"_spriteFrame":{"__uuid__":"d1UYwjnqNAPJ5JO51z68VY"}}],"_prefab":{"__type__":"cc.PrefabInfo","root":{"__id__":1},"asset":{"__uuid__":"1eh8yL+HxLqJqRIzf+mxd1"},"fileId":"00kC9uJOJLRrlAGA4/SIhB"},"_contentSize":{"__type__":"cc.Size","width":56,"height":64},"_position":{"__type__":"cc.Vec3","x":-563.036,"y":193.849}}],{"__type__":"cc.SpriteFrame","content":{"name":"default_btn_disabled","texture":"71VhFCTINJM6/Ky3oX9nBT","rect":[0,0,40,40],"offset":[0,0],"originalSize":[40,40],"capInsets":[12,12,12,12]}},{"__type__":"cc.SpriteFrame","content":{"name":"c_cell","texture":"71dggxrlZDBptbL8KThyHA","rect":[0,0,30,80],"offset":[0,0],"originalSize":[30,80],"capInsets":[0,0,0,0]}},{"__type__":"cc.SpriteFrame","content":{"name":"set_icon_light","texture":"1d6t3qed9HP4Kh1geCNhT9","rect":[0,0,48,23],"offset":[0,0],"originalSize":[48,23],"capInsets":[0,0,0,0]}},{"__type__":"cc.SpriteFrame","content":{"name":"set_slider_1","texture":"72d33lQqJM6p5LrKQv6X6S","rect":[0,0,20,6],"offset":[0,0],"originalSize":[20,6],"capInsets":[0,0,0,0]}},{"__type__":"cc.SpriteFrame","content":{"name":"set_slider_bar","texture":"97OW5EErVGAqlA2IEYItW1","rect":[0,0,28,32],"offset":[0,0],"originalSize":[28,32],"capInsets":[0,0,0,0]}},{"__type__":"cc.SpriteFrame","content":{"name":"c_btn_share","texture":"67PEUvFKJEKpT81VCf4k5g","rect":[0,0,46,54],"offset":[0,0],"originalSize":[46,54],"capInsets":[0,0,0,0]}},{"__type__":"cc.SpriteFrame","content":{"name":"set_icon_voice","texture":"31ADr2OgBAdJsNNDJZ8SCq","rect":[0,0,49,23],"offset":[0,0],"originalSize":[49,23],"capInsets":[0,0,0,0]}},{"__type__":"cc.SpriteFrame","content":{"name":"set_checkbox_open","texture":"34k7Q671tIv6www45HgL1P","rect":[0,0,85,40],"offset":[0,0],"originalSize":[85,40],"capInsets":[0,0,0,0]}},{"__type__":"cc.SpriteFrame","content":{"name":"set_slider_2","texture":"83/aT7TFpG3b+frogUdv94","rect":[0,0,1037,6],"offset":[0,0],"originalSize":[1037,6],"capInsets":[0,0,0,0]}},{"__type__":"cc.SpriteFrame","content":{"name":"set_icon_sound","texture":"642ES24OJP1qzoMha9fokD","rect":[0,0,49,23],"offset":[0,0],"originalSize":[49,23],"capInsets":[0,0,0,0]}},{"__type__":"cc.SpriteFrame","content":{"name":"c_icon","texture":"51DbETUm9PW5IA6c8t0an8","rect":[0,0,56,64],"offset":[0,0],"originalSize":[56,64],"capInsets":[0,0,0,0]}},{"__type__":"cc.SpriteFrame","content":{"name":"set_checkbox_close","texture":"74GJ/0fyBBN6Wsiam9dByL","rect":[0,0,85,40],"offset":[0,0],"originalSize":[85,40],"capInsets":[0,0,0,0]}},{"__type__":"cc.SpriteFrame","content":{"name":"wx_btn","texture":"71znlgsppFdKv7b4lEcNfC","rect":[0,2,110,116],"offset":[-0.5,0],"originalSize":[111,120],"capInsets":[0,0,0,0]}},{"__type__":"cc.SpriteFrame","content":{"name":"set_icon","texture":"f5qrUcgxVFp43xoa3UmwhG","rect":[0,0,61,29],"offset":[0,0],"originalSize":[61,29],"capInsets":[0,0,0,0]}},{"__type__":"cc.SpriteFrame","content":{"name":"default_radio_button_off","texture":"56fc2Ai/RFNYpaMT8crweK","rect":[3,3,26,26],"offset":[0,0],"originalSize":[32,32],"capInsets":[0,0,0,0]}},{"__type__":"cc.SpriteFrame","content":{"name":"default_btn_pressed","texture":"b4P/PCArtIdIH38t6mlw8Y","rect":[0,0,40,40],"offset":[0,0],"originalSize":[40,40],"capInsets":[12,12,12,12]}},{"__type__":"cc.SpriteFrame","content":{"name":"set_icon_music","texture":"f1vXekgPdHAbaJTmr/Jg7g","rect":[0,0,49,23],"offset":[0,0],"originalSize":[49,23],"capInsets":[0,0,0,0]}},{"__type__":"cc.SpriteFrame","content":{"name":"default_btn_normal","texture":"e8Ueib+qJEhL6mXAHdnwbi","rect":[0,0,40,40],"offset":[0,0],"originalSize":[40,40],"capInsets":[12,12,12,12]}},{"__type__":"cc.SpriteFrame","content":{"name":"vague_bg","texture":"ddj4JSibtPa6UoV2V7GeG/","rect":[0,0,1280,720],"offset":[0,0],"originalSize":[1280,720],"capInsets":[0,0,0,0]}},{"__type__":"cc.SpriteFrame","content":{"name":"c_btn_back","texture":"6ftzy4UX5JsK8xGbfT7cC5","rect":[0,0,30,28],"offset":[0,0],"originalSize":[30,28],"capInsets":[0,0,0,0]}}]