[{"__type__":"cc.SpriteFrame","content":{"name":"qq_btn","texture":"f6uza0PHVFZpq9qvSBCn8k","rect":[0,2,110,116],"offset":[-0.5,0],"originalSize":[111,120],"capInsets":[0,0,0,0]}},{"__type__":"cc.SpriteFrame","content":{"name":"wx_btn","texture":"71znlgsppFdKv7b4lEcNfC","rect":[0,2,110,116],"offset":[-0.5,0],"originalSize":[111,120],"capInsets":[0,0,0,0]}},{"__type__":"cc.SpriteFrame","content":{"name":"login","texture":"7b+UQ2Lu5PKJQ/uhkesx/U","rect":[0,0,1280,720],"offset":[0,0],"originalSize":[1280,720],"capInsets":[0,0,0,0]}},[{"__type__":"cc.SceneAsset","_name":"Login","scene":{"__id__":1},"asyncLoadAssets":null},{"__type__":"cc.Scene","_name":"New Node","_children":[{"__id__":2}],"_active":false,"_anchorPoint":{"__type__":"cc.Vec2"},"autoReleaseAssets":false},{"__type__":"cc.Node","_name":"Canvas","_parent":{"__id__":1},"_children":[{"__id__":3},{"__id__":4},{"__id__":11},{"__type__":"cc.Node","_name":"New Node","_parent":{"__id__":2},"_level":2}],"_level":1,"_components":[{"__type__":"cc.Canvas","node":{"__id__":2},"_designResolution":{"__type__":"cc.Size","width":1280,"height":720},"_fitWidth":true,"_fitHeight":false},{"__type__":"2880aCTUhlPuaWEmMxbitRY","node":{"__id__":2},"toastPrefab":{"__uuid__":"2cgG++B/xLXrys9DdkOi/l"},"videoPrefab":{"__uuid__":"3bFvcBetBNDapvEKfIE7gN"},"noticePrefab":{"__uuid__":"bb/Y/iZWtKGafG57Y26bX/"}}],"_contentSize":{"__type__":"cc.Size","width":1280,"height":720},"_position":{"__type__":"cc.Vec3","x":640,"y":360},"_id":"ceIa3JdHJOYYvKXvGI65O4"},{"__type__":"cc.Node","_name":"Main Camera","_parent":{"__id__":2},"_level":1,"_components":[{"__type__":"cc.Camera","node":{"__id__":3},"_clearFlags":7,"_depth":-1}]},{"__type__":"cc.Node","_name":"bg","_parent":{"__id__":2},"_children":[{"__id__":5},{"__id__":8}],"_level":1,"_components":[{"__type__":"cc.Sprite","node":{"__id__":4},"_materials":[{"__uuid__":"ecpdLyjvZBwrvm+cedCcQy"}],"_spriteFrame":{"__uuid__":"f6p7BDGb5KILYNZeuDJWjm"}}],"_contentSize":{"__type__":"cc.Size","width":1280,"height":720},"_anchorPoint":{"__type__":"cc.Vec2"},"_position":{"__type__":"cc.Vec3","x":-640,"y":-360}},{"__type__":"cc.Node","_name":"ykBtn","_parent":{"__id__":4},"_children":[{"__id__":6}],"_level":2,"_components":[{"__type__":"cc.Button","node":{"__id__":5},"clickEvents":[{"__type__":"cc.ClickEvent","target":{"__id__":2},"_componentId":"2880aCTUhlPuaWEmMxbitRY","handler":"onYkClick"}],"_N$transition":2,"transition":2,"_N$normalColor":{"__type__":"cc.Color","r":230,"g":230,"b":230},"_N$pressedColor":{"__type__":"cc.Color","r":200,"g":200,"b":200},"pressedColor":{"__type__":"cc.Color","r":200,"g":200,"b":200},"_N$disabledColor":{"__type__":"cc.Color","r":120,"g":120,"b":120,"a":200},"_N$normalSprite":{"__uuid__":"8cBnrhdo9NUqPTH+3miEbB"},"_N$pressedSprite":{"__uuid__":"8cBnrhdo9NUqPTH+3miEbB"},"pressedSprite":{"__uuid__":"8cBnrhdo9NUqPTH+3miEbB"},"_N$hoverSprite":{"__uuid__":"8cBnrhdo9NUqPTH+3miEbB"},"hoverSprite":{"__uuid__":"8cBnrhdo9NUqPTH+3miEbB"},"_N$disabledSprite":{"__uuid__":"8cBnrhdo9NUqPTH+3miEbB"},"_N$target":{"__id__":6}}],"_contentSize":{"__type__":"cc.Size","width":112,"height":120},"_position":{"__type__":"cc.Vec3","x":738,"y":232}},{"__type__":"cc.Node","_name":"Background","_parent":{"__id__":5},"_children":[{"__id__":7}],"_level":3,"_components":[{"__type__":"cc.Sprite","node":{"__id__":6},"_materials":[{"__uuid__":"ecpdLyjvZBwrvm+cedCcQy"}],"_spriteFrame":{"__uuid__":"8cBnrhdo9NUqPTH+3miEbB"},"_sizeMode":0},{"__type__":"cc.Widget","node":{"__id__":6},"alignMode":0,"_alignFlags":45,"_left":-20,"_right":-20,"_top":-20.000000000000007,"_bottom":-19.999999999999993,"_originalWidth":100,"_originalHeight":40}],"_color":{"__type__":"cc.Color","r":230,"g":230,"b":230},"_contentSize":{"__type__":"cc.Size","width":152,"height":160}},{"__type__":"cc.Node","_name":"Label","_parent":{"__id__":6},"_level":4,"_components":[{"__type__":"cc.Label","node":{"__id__":7},"_materials":[{"__uuid__":"ecpdLyjvZBwrvm+cedCcQy"}],"_useOriginalSize":false,"_string":"游客登陆","_N$string":"游客登陆","_fontSize":20,"_enableWrapText":false,"_N$horizontalAlign":1,"_N$verticalAlign":1,"_N$overflow":1}],"_contentSize":{"__type__":"cc.Size","width":100,"height":40},"_position":{"__type__":"cc.Vec3","x":-3.099,"y":-70.472}},{"__type__":"cc.Node","_name":"wxBtn","_parent":{"__id__":4},"_children":[{"__id__":9}],"_level":2,"_components":[{"__type__":"cc.Button","node":{"__id__":8},"clickEvents":[{"__type__":"cc.ClickEvent","target":{"__id__":2},"_componentId":"2880aCTUhlPuaWEmMxbitRY","handler":"onWxClick"}],"_N$transition":2,"transition":2,"_N$normalColor":{"__type__":"cc.Color","r":230,"g":230,"b":230},"_N$pressedColor":{"__type__":"cc.Color","r":200,"g":200,"b":200},"pressedColor":{"__type__":"cc.Color","r":200,"g":200,"b":200},"_N$disabledColor":{"__type__":"cc.Color","r":120,"g":120,"b":120,"a":200},"_N$normalSprite":{"__uuid__":"e3Wf7QCptMqoXog5N1/rkx"},"_N$pressedSprite":{"__uuid__":"e3Wf7QCptMqoXog5N1/rkx"},"pressedSprite":{"__uuid__":"e3Wf7QCptMqoXog5N1/rkx"},"_N$hoverSprite":{"__uuid__":"e3Wf7QCptMqoXog5N1/rkx"},"hoverSprite":{"__uuid__":"e3Wf7QCptMqoXog5N1/rkx"},"_N$disabledSprite":{"__uuid__":"e3Wf7QCptMqoXog5N1/rkx"},"_N$target":{"__id__":9}}],"_contentSize":{"__type__":"cc.Size","width":112,"height":120},"_anchorPoint":{"__type__":"cc.Vec2","y":0.5},"_position":{"__type__":"cc.Vec3","x":514,"y":232}},{"__type__":"cc.Node","_name":"Background","_objFlags":512,"_parent":{"__id__":8},"_children":[{"__id__":10}],"_level":2,"_components":[{"__type__":"cc.Sprite","node":{"__id__":9},"_materials":[{"__uuid__":"ecpdLyjvZBwrvm+cedCcQy"}],"_spriteFrame":{"__uuid__":"e3Wf7QCptMqoXog5N1/rkx"},"_sizeMode":0},{"__type__":"cc.Widget","node":{"__id__":9},"alignMode":0,"_alignFlags":45,"_left":-76,"_right":36.00000000000001,"_top":-20.000000000000014,"_bottom":-20.000000000000007,"_originalWidth":100,"_originalHeight":40}],"_color":{"__type__":"cc.Color","r":230,"g":230,"b":230},"_contentSize":{"__type__":"cc.Size","width":152,"height":160}},{"__type__":"cc.Node","_name":"Label","_parent":{"__id__":9},"_level":3,"_components":[{"__type__":"cc.Label","node":{"__id__":10},"_materials":[{"__uuid__":"ecpdLyjvZBwrvm+cedCcQy"}],"_useOriginalSize":false,"_string":"微信登陆","_N$string":"微信登陆","_fontSize":20,"_enableWrapText":false,"_N$horizontalAlign":1,"_N$verticalAlign":1,"_N$overflow":1}],"_contentSize":{"__type__":"cc.Size","width":100,"height":40},"_position":{"__type__":"cc.Vec3","x":-1.058,"y":-69.063}},{"__type__":"cc.Node","_name":"touch_text","_parent":{"__id__":2},"_active":false,"_level":2,"_components":[{"__type__":"cc.Label","node":{"__id__":11},"_materials":[{"__uuid__":"ecpdLyjvZBwrvm+cedCcQy"}],"_useOriginalSize":false,"_string":"点 击 任 意 位 置 继 续","_N$string":"点 击 任 意 位 置 继 续","_N$horizontalAlign":1,"_N$verticalAlign":1}],"_contentSize":{"__type__":"cc.Size","width":397.79,"height":50.4},"_position":{"__type__":"cc.Vec3","x":6.13,"y":-537.373}}]]