[[{"__type__":"cc.SceneAsset","_name":"Load","scene":{"__id__":1},"asyncLoadAssets":null},{"__type__":"cc.Scene","_name":"New Node","_children":[{"__id__":2}],"_active":false,"_anchorPoint":{"__type__":"cc.Vec2"},"autoReleaseAssets":false},{"__type__":"cc.Node","_name":"Canvas","_parent":{"__id__":1},"_children":[{"__id__":3},{"__id__":4},{"__id__":8},{"__id__":9}],"_level":1,"_components":[{"__type__":"cc.Canvas","node":{"__id__":2},"_designResolution":{"__type__":"cc.Size","width":1280,"height":720},"_fitWidth":true,"_fitHeight":false},{"__type__":"2dbd3I13mJC85xRCtQgcxsm","node":{"__id__":2},"progressBar":{"__id__":7},"manifestUrl":{"__uuid__":"60coSjRaFKPLf4EoK20kWl"}}],"_contentSize":{"__type__":"cc.Size","width":1280,"height":720},"_position":{"__type__":"cc.Vec3","x":640,"y":360},"_id":"48mbGfGCZATqGMllHeWPsP"},{"__type__":"cc.Node","_name":"Main Camera","_parent":{"__id__":2},"_level":1,"_components":[{"__type__":"cc.Camera","node":{"__id__":3},"_clearFlags":7,"_depth":-1}]},{"__type__":"cc.Node","_name":"New ProgressBar","_parent":{"__id__":2},"_children":[{"__id__":5}],"_level":1,"_components":[{"__type__":"cc.Sprite","node":{"__id__":4},"_materials":[{"__uuid__":"ecpdLyjvZBwrvm+cedCcQy"}],"_spriteFrame":{"__uuid__":"8855/VlrRKd6H0MSRnFxAU"},"_type":1,"_sizeMode":0},{"__id__":7}],"_contentSize":{"__type__":"cc.Size","width":300,"height":15}},{"__type__":"cc.Node","_name":"bar","_parent":{"__id__":4},"_components":[{"__id__":6}],"_contentSize":{"__type__":"cc.Size","height":15},"_anchorPoint":{"__type__":"cc.Vec2","y":0.5},"_position":{"__type__":"cc.Vec3","x":-150}},{"__type__":"cc.Sprite","node":{"__id__":5},"_materials":[{"__uuid__":"ecpdLyjvZBwrvm+cedCcQy"}],"_spriteFrame":{"__uuid__":"675ovJ2tVK2aLYfgPUWOMv"},"_type":1,"_sizeMode":0},{"__type__":"cc.ProgressBar","node":{"__id__":4},"_N$totalLength":300,"_N$barSprite":{"__id__":6},"_N$progress":0},{"__type__":"cc.Node","_name":"New Label","_parent":{"__id__":2},"_level":2,"_components":[{"__type__":"cc.Label","node":{"__id__":8},"_materials":[{"__uuid__":"ecpdLyjvZBwrvm+cedCcQy"}],"_useOriginalSize":false,"_string":"Label","_N$string":"Label","_N$horizontalAlign":1,"_N$verticalAlign":1}],"_contentSize":{"__type__":"cc.Size","width":97.87,"height":50.4},"_position":{"__type__":"cc.Vec3","x":-15.842,"y":-101.386}},{"__type__":"cc.Node","_name":"New Label","_parent":{"__id__":2},"_level":2,"_components":[{"__type__":"cc.Label","node":{"__id__":9},"_materials":[{"__uuid__":"ecpdLyjvZBwrvm+cedCcQy"}],"_useOriginalSize":false,"_string":"Label","_N$string":"Label","_N$horizontalAlign":1,"_N$verticalAlign":1}],"_contentSize":{"__type__":"cc.Size","width":97.87,"height":50.4},"_position":{"__type__":"cc.Vec3","x":-22.178,"y":139.406}}],{"__type__":"cc.SpriteFrame","content":{"name":"default_progressbar","texture":"cf73jxyN9Jt47QTJU6ziYh","rect":[0,0,30,15],"offset":[0,0],"originalSize":[30,15],"capInsets":[10,4,10,4]}},{"__type__":"cc.SpriteFrame","content":{"name":"default_progressbar_bg","texture":"99FwsL0hBG8bITfZ4/IwmK","rect":[0,0,60,15],"offset":[0,0],"originalSize":[60,15],"capInsets":[10,4,10,4]}}]