[{"__type__":"cc.SpriteFrame","content":{"name":"c_btn_normal","texture":"f6psh+rXZM1q2HnSBxDnt/","rect":[0,0,228,60],"offset":[0,0],"originalSize":[228,60],"capInsets":[0,0,0,0]}},{"__type__":"cc.SpriteFrame","content":{"name":"default_scrollbar_vertical","texture":"d608qFRoFHwbXd0Dap056i","rect":[0,0,15,30],"offset":[0,0],"originalSize":[15,30],"capInsets":[4,10,4,10]}},{"__type__":"cc.SpriteFrame","content":{"name":"notice_left_img","texture":"b2J5ALwUhEoL4JufQ6rKne","rect":[0,0,292,490],"offset":[0,0],"originalSize":[292,490],"capInsets":[0,0,0,0]}},{"__type__":"cc.SpriteFrame","content":{"name":"default_scrollbar_vertical_bg","texture":"61cyPdEfRN047sDK9rO0W5","rect":[0,0,15,30],"offset":[0,0],"originalSize":[15,30],"capInsets":[4,10,4,10]}},{"__type__":"cc.SpriteFrame","content":{"name":"notice_bg","texture":"f1LyPTV3VCb7WZI7Io/Ha1","rect":[0,0,20,490],"offset":[0,0],"originalSize":[20,490],"capInsets":[10,0,10,0]}},[{"__type__":"cc.Prefab","_name":"noticePrefab","data":{"__id__":1}},{"__type__":"cc.Node","_name":"noticePrefab","_children":[{"__id__":2},{"__id__":3},{"__id__":4},{"__id__":5},{"__id__":8},{"__id__":17}],"_level":1,"_components":[{"__type__":"07ec3bWpCREcqa2g2k801tJ","node":{"__id__":1}}],"_prefab":{"__type__":"cc.PrefabInfo","root":{"__id__":1},"asset":{"__uuid__":"bb/Y/iZWtKGafG57Y26bX/"},"fileId":"98jTe7hwVC6ZpPK9fkQxtR"},"_contentSize":{"__type__":"cc.Size","width":1152,"height":490},"_position":{"__type__":"cc.Vec3","x":-576}},{"__type__":"cc.Node","_name":"left_img","_parent":{"__id__":1},"_level":2,"_components":[{"__type__":"cc.Sprite","node":{"__id__":2},"_materials":[{"__uuid__":"ecpdLyjvZBwrvm+cedCcQy"}],"_spriteFrame":{"__uuid__":"5f4v1p73FK/o8N4KXPTocO"}}],"_prefab":{"__type__":"cc.PrefabInfo","root":{"__id__":1},"asset":{"__uuid__":"bb/Y/iZWtKGafG57Y26bX/"},"fileId":"1161S3BOhKkrpDsJefLp7f"},"_contentSize":{"__type__":"cc.Size","width":292,"height":490},"_position":{"__type__":"cc.Vec3","x":146}},{"__type__":"cc.Node","_name":"notice_bg","_parent":{"__id__":1},"_level":2,"_components":[{"__type__":"cc.Sprite","node":{"__id__":3},"_materials":[{"__uuid__":"ecpdLyjvZBwrvm+cedCcQy"}],"_spriteFrame":{"__uuid__":"adtxUo2E9LZJxI24ZkH8gY"},"_type":1,"_sizeMode":0}],"_prefab":{"__type__":"cc.PrefabInfo","root":{"__id__":1},"asset":{"__uuid__":"bb/Y/iZWtKGafG57Y26bX/"},"fileId":"4fb+TfGMBKg4d0ca9wayub"},"_contentSize":{"__type__":"cc.Size","width":858,"height":490},"_anchorPoint":{"__type__":"cc.Vec2","y":0.5},"_position":{"__type__":"cc.Vec3","x":291.911,"y":0.4079999999999999}},{"__type__":"cc.Node","_name":"notice_line","_parent":{"__id__":1},"_level":2,"_components":[{"__type__":"cc.Sprite","node":{"__id__":4},"_materials":[{"__uuid__":"ecpdLyjvZBwrvm+cedCcQy"}],"_spriteFrame":{"__uuid__":"c8AKj31vNLF6pchFE7SAzP"}}],"_prefab":{"__type__":"cc.PrefabInfo","root":{"__id__":1},"asset":{"__uuid__":"bb/Y/iZWtKGafG57Y26bX/"},"fileId":"a0H+/IZuFF5KzsTtuSj4B+"},"_contentSize":{"__type__":"cc.Size","width":716,"height":2},"_position":{"__type__":"cc.Vec3","x":719.096,"y":-158.156}},{"__type__":"cc.Node","_name":"notice_btn","_parent":{"__id__":1},"_children":[{"__id__":6}],"_level":2,"_components":[{"__type__":"cc.Button","node":{"__id__":5},"clickEvents":[{"__type__":"cc.ClickEvent","target":{"__id__":1},"_componentId":"07ec3bWpCREcqa2g2k801tJ","handler":"onKnown"}],"_N$transition":2,"transition":2,"_N$normalColor":{"__type__":"cc.Color","r":230,"g":230,"b":230},"_N$pressedColor":{"__type__":"cc.Color","r":200,"g":200,"b":200},"pressedColor":{"__type__":"cc.Color","r":200,"g":200,"b":200},"_N$disabledColor":{"__type__":"cc.Color","r":120,"g":120,"b":120,"a":200},"_N$normalSprite":{"__uuid__":"1029suNx5Ivq5NwVP2Rj3R"},"_N$pressedSprite":{"__uuid__":"1029suNx5Ivq5NwVP2Rj3R"},"pressedSprite":{"__uuid__":"1029suNx5Ivq5NwVP2Rj3R"},"_N$hoverSprite":{"__uuid__":"1029suNx5Ivq5NwVP2Rj3R"},"hoverSprite":{"__uuid__":"1029suNx5Ivq5NwVP2Rj3R"},"_N$disabledSprite":{"__uuid__":"1029suNx5Ivq5NwVP2Rj3R"},"_N$target":{"__id__":6}}],"_prefab":{"__type__":"cc.PrefabInfo","root":{"__id__":1},"asset":{"__uuid__":"bb/Y/iZWtKGafG57Y26bX/"},"fileId":"4c+NUmng5MKIam/GqXbhJf"},"_contentSize":{"__type__":"cc.Size","width":219,"height":50},"_position":{"__type__":"cc.Vec3","x":721.5,"y":-207.989}},{"__type__":"cc.Node","_name":"Background","_parent":{"__id__":5},"_children":[{"__id__":7}],"_level":2,"_components":[{"__type__":"cc.Sprite","node":{"__id__":6},"_materials":[{"__uuid__":"ecpdLyjvZBwrvm+cedCcQy"}],"_spriteFrame":{"__uuid__":"1029suNx5Ivq5NwVP2Rj3R"},"_type":1,"_sizeMode":0},{"__type__":"cc.Widget","node":{"__id__":6},"alignMode":0,"_alignFlags":45,"_top":-7.5,"_bottom":-7.5,"_originalWidth":100,"_originalHeight":40}],"_prefab":{"__type__":"cc.PrefabInfo","root":{"__id__":1},"asset":{"__uuid__":"bb/Y/iZWtKGafG57Y26bX/"},"fileId":"21+Ks1nB5DHoyX5uZMzzM7"},"_color":{"__type__":"cc.Color","r":230,"g":230,"b":230},"_contentSize":{"__type__":"cc.Size","width":219,"height":65}},{"__type__":"cc.Node","_name":"Label","_parent":{"__id__":6},"_level":3,"_components":[{"__type__":"cc.Label","node":{"__id__":7},"_materials":[{"__uuid__":"ecpdLyjvZBwrvm+cedCcQy"}],"_useOriginalSize":false,"_string":"我知道了","_N$string":"我知道了","_fontSize":20,"_enableWrapText":false,"_N$horizontalAlign":1,"_N$verticalAlign":1,"_N$overflow":1}],"_prefab":{"__type__":"cc.PrefabInfo","root":{"__id__":1},"asset":{"__uuid__":"bb/Y/iZWtKGafG57Y26bX/"},"fileId":"49r+idVMtCBbEUQR0MmJY/"},"_color":{"__type__":"cc.Color"},"_contentSize":{"__type__":"cc.Size","width":100,"height":40},"_position":{"__type__":"cc.Vec3","x":-1.077,"y":5.385}},{"__type__":"cc.Node","_name":"notice_scroll","_parent":{"__id__":1},"_children":[{"__id__":9},{"__id__":15}],"_level":2,"_components":[{"__type__":"cc.Sprite","node":{"__id__":8},"_materials":[{"__uuid__":"ecpdLyjvZBwrvm+cedCcQy"}],"_type":1,"_sizeMode":0},{"__id__":13}],"_prefab":{"__type__":"cc.PrefabInfo","root":{"__id__":1},"asset":{"__uuid__":"bb/Y/iZWtKGafG57Y26bX/"},"fileId":"06+g9XbwFB5JD3QKflzFMN"},"_contentSize":{"__type__":"cc.Size","width":714,"height":296},"_position":{"__type__":"cc.Vec3","x":712.361,"y":0.249}},{"__type__":"cc.Node","_name":"scrollBar","_parent":{"__id__":8},"_children":[{"__id__":10}],"_components":[{"__id__":12},{"__type__":"cc.Widget","node":{"__id__":9},"alignMode":0,"_alignFlags":37,"_left":350.07654921020657,"_right":-1.646000000000015,"_top":4.384000000000003,"_bottom":-4.384000000000003,"_originalHeight":237},{"__type__":"cc.Sprite","node":{"__id__":9},"_materials":[{"__uuid__":"ecpdLyjvZBwrvm+cedCcQy"}],"_spriteFrame":{"__uuid__":"5f5dyqtRNNxaFmVzYns6FZ"},"_type":1,"_sizeMode":0}],"_prefab":{"__type__":"cc.PrefabInfo","root":{"__id__":1},"asset":{"__uuid__":"bb/Y/iZWtKGafG57Y26bX/"},"fileId":"bbeQkf6HBCo5+FOjF0jAne"},"_contentSize":{"__type__":"cc.Size","width":12,"height":296},"_anchorPoint":{"__type__":"cc.Vec2","x":1,"y":0.5},"_position":{"__type__":"cc.Vec3","x":358.646,"y":-4.3840000000000146}},{"__type__":"cc.Node","_name":"bar","_parent":{"__id__":9},"_components":[{"__id__":11}],"_prefab":{"__type__":"cc.PrefabInfo","root":{"__id__":1},"asset":{"__uuid__":"bb/Y/iZWtKGafG57Y26bX/"},"fileId":"0byK6tHSlP+ZYJqHGgDBl8"},"_contentSize":{"__type__":"cc.Size","width":10,"height":30},"_anchorPoint":{"__type__":"cc.Vec2","x":1},"_position":{"__type__":"cc.Vec3","x":-1}},{"__type__":"cc.Sprite","node":{"__id__":10},"_materials":[{"__uuid__":"ecpdLyjvZBwrvm+cedCcQy"}],"_spriteFrame":{"__uuid__":"5cO7kybDxGj4ipyMYdRYZB"},"_type":1,"_sizeMode":0},{"__type__":"cc.Scrollbar","node":{"__id__":9},"_scrollView":{"__id__":13},"_N$handle":{"__id__":11},"_N$direction":1},{"__type__":"cc.ScrollView","node":{"__id__":8},"horizontal":false,"brake":0.75,"bounceDuration":0.23,"_N$content":{"__id__":14},"content":{"__id__":14},"_N$horizontalScrollBar":null,"_N$verticalScrollBar":{"__id__":12}},{"__type__":"cc.Node","_name":"content","_parent":{"__id__":15},"_children":[{"__id__":16}],"_prefab":{"__type__":"cc.PrefabInfo","root":{"__id__":1},"asset":{"__uuid__":"bb/Y/iZWtKGafG57Y26bX/"},"fileId":"e8BjV6iVdJ1YAccrgAud04"},"_contentSize":{"__type__":"cc.Size","width":720,"height":296},"_anchorPoint":{"__type__":"cc.Vec2","x":0.5,"y":1},"_position":{"__type__":"cc.Vec3","x":13.725,"y":141.344}},{"__type__":"cc.Node","_name":"view","_parent":{"__id__":8},"_children":[{"__id__":14}],"_components":[{"__type__":"cc.Mask","node":{"__id__":15},"_materials":[{"__uuid__":"ecpdLyjvZBwrvm+cedCcQy"}]}],"_prefab":{"__type__":"cc.PrefabInfo","root":{"__id__":1},"asset":{"__uuid__":"bb/Y/iZWtKGafG57Y26bX/"},"fileId":"57pSKvgcRF66ST1b2akwBQ"},"_contentSize":{"__type__":"cc.Size","width":714,"height":296},"_position":{"__type__":"cc.Vec3","x":-4.759}},{"__type__":"cc.Node","_name":"item","_parent":{"__id__":14},"_components":[{"__type__":"cc.Label","node":{"__id__":16},"_materials":[{"__uuid__":"ecpdLyjvZBwrvm+cedCcQy"}],"_useOriginalSize":false,"_string":"哈哈哈地搜福建省迪欧皮肤的说法简历看到放假了；大数据佛倒计时；发动机噢是否免费偶尔加我覅偶耳温计覅偶尔玩if噢将诶哦我父母房屋；我迈出了；问你们；吗我看了才能为；能吃吗；我是错误的复合物我或额外哈哈哈地搜福建省迪欧皮肤的说法简历看到放假了；\n\n大数据佛倒计时；发动机噢是否免费偶尔加我覅偶耳温计覅偶尔玩if噢将诶哦我父母房屋；我迈出了；问你们；吗我看了才能为；能吃吗；我是错误的复合物我或额外哈哈哈地搜福建省迪欧皮肤的说法简历看到放假了；\n\n大数据佛倒计时；发动机噢是否免费偶尔加我覅偶耳温计覅偶尔玩if噢将诶哦我父母房屋；我迈出了；问你们；吗我看了才","_N$string":"哈哈哈地搜福建省迪欧皮肤的说法简历看到放假了；大数据佛倒计时；发动机噢是否免费偶尔加我覅偶耳温计覅偶尔玩if噢将诶哦我父母房屋；我迈出了；问你们；吗我看了才能为；能吃吗；我是错误的复合物我或额外哈哈哈地搜福建省迪欧皮肤的说法简历看到放假了；\n\n大数据佛倒计时；发动机噢是否免费偶尔加我覅偶耳温计覅偶尔玩if噢将诶哦我父母房屋；我迈出了；问你们；吗我看了才能为；能吃吗；我是错误的复合物我或额外哈哈哈地搜福建省迪欧皮肤的说法简历看到放假了；\n\n大数据佛倒计时；发动机噢是否免费偶尔加我覅偶耳温计覅偶尔玩if噢将诶哦我父母房屋；我迈出了；问你们；吗我看了才","_fontSize":22.2,"_lineHeight":35,"_N$overflow":1}],"_prefab":{"__type__":"cc.PrefabInfo","root":{"__id__":1},"asset":{"__uuid__":"bb/Y/iZWtKGafG57Y26bX/"},"fileId":"86uCPwD41A3qmnOv8Imuv6"},"_color":{"__type__":"cc.Color"},"_contentSize":{"__type__":"cc.Size","width":710,"height":105.2},"_anchorPoint":{"__type__":"cc.Vec2","y":1},"_position":{"__type__":"cc.Vec3","x":-352.386,"y":-23.171}},{"__type__":"cc.Node","_name":"notice_title","_parent":{"__id__":1},"_level":2,"_components":[{"__type__":"cc.Label","node":{"__id__":17},"_materials":[{"__uuid__":"ecpdLyjvZBwrvm+cedCcQy"}],"_useOriginalSize":false,"_string":"公告","_N$string":"公告","_fontSize":42,"_lineHeight":42,"_N$horizontalAlign":1,"_N$verticalAlign":1}],"_prefab":{"__type__":"cc.PrefabInfo","root":{"__id__":1},"asset":{"__uuid__":"bb/Y/iZWtKGafG57Y26bX/"},"fileId":"72WpLz4GxCBZCHwF3L8W51"},"_color":{"__type__":"cc.Color","r":205,"g":173,"b":100},"_contentSize":{"__type__":"cc.Size","width":84,"height":52.92},"_position":{"__type__":"cc.Vec3","x":703.506,"y":192.114}}],{"__type__":"cc.SpriteFrame","content":{"name":"notice_line","texture":"e1V0Wz9mBOV4lZDV+wl+Nb","rect":[0,0,716,2],"offset":[0,0],"originalSize":[716,2],"capInsets":[0,0,0,0]}}]