[{"__type__":"cc.SpriteFrame","content":{"name":"record_thumbs","texture":"f6tax66V5DS7WC9rolShTH","rect":[0,0,141,23],"offset":[0,0],"originalSize":[141,23],"capInsets":[0,0,0,0]}},{"__type__":"cc.SpriteFrame","content":{"name":"c_yellow_1","texture":"14VOZ/xrNOYr1Tdk54ZeJh","rect":[0,0,241,46],"offset":[0,0],"originalSize":[241,46],"capInsets":[0,0,0,0]}},{"__type__":"cc.SpriteFrame","content":{"name":"c_cell","texture":"71dggxrlZDBptbL8KThyHA","rect":[0,0,30,80],"offset":[0,0],"originalSize":[30,80],"capInsets":[0,0,0,0]}},{"__type__":"cc.SpriteFrame","content":{"name":"record_title","texture":"20IC6H0qJBPZOTb5y9m/Bt","rect":[0,0,94,29],"offset":[0,0],"originalSize":[94,29],"capInsets":[0,0,0,0]}},{"__type__":"cc.SpriteFrame","content":{"name":"default_scrollbar_vertical","texture":"d608qFRoFHwbXd0Dap056i","rect":[0,0,15,30],"offset":[0,0],"originalSize":[15,30],"capInsets":[4,10,4,10]}},{"__type__":"cc.SpriteFrame","content":{"name":"default_scrollbar_vertical_bg","texture":"61cyPdEfRN047sDK9rO0W5","rect":[0,0,15,30],"offset":[0,0],"originalSize":[15,30],"capInsets":[4,10,4,10]}},[{"__type__":"cc.Prefab","_name":"userRecordPrefab","data":{"__id__":1}},{"__type__":"cc.Node","_name":"userRecordPrefab","_children":[{"__id__":2}],"_active":false,"_level":1,"_components":[{"__type__":"f1288iQqNFAJbeq504IG+R/","node":{"__id__":1},"toastPrefab":{"__uuid__":"2cgG++B/xLXrys9DdkOi/l"}}],"_prefab":{"__type__":"cc.PrefabInfo","root":{"__id__":1},"asset":{"__uuid__":"66N3MH4UNOjbAX+mdHqaI+"},"fileId":"98rXoNwOJKgZB9YeFVUqoj"}},{"__type__":"cc.Node","_name":"bg","_parent":{"__id__":1},"_children":[{"__id__":3},{"__id__":6},{"__id__":7},{"__id__":10},{"__id__":23},{"__id__":40}],"_level":2,"_components":[{"__type__":"cc.Sprite","node":{"__id__":2},"_materials":[{"__uuid__":"ecpdLyjvZBwrvm+cedCcQy"}],"_spriteFrame":{"__uuid__":"f56gsu1VhG3aXLlhwteNCY"}}],"_prefab":{"__type__":"cc.PrefabInfo","root":{"__id__":1},"asset":{"__uuid__":"66N3MH4UNOjbAX+mdHqaI+"},"fileId":"14pIIHJdNBtaKynQRbKjje"},"_contentSize":{"__type__":"cc.Size","width":1280,"height":720}},{"__type__":"cc.Node","_name":"back_btn","_parent":{"__id__":2},"_children":[{"__id__":4}],"_level":3,"_components":[{"__type__":"cc.Button","node":{"__id__":3},"clickEvents":[{"__type__":"cc.ClickEvent","target":{"__id__":1},"_componentId":"f1288iQqNFAJbeq504IG+R/","handler":"onBack"}],"_N$transition":2,"transition":2,"_N$normalColor":{"__type__":"cc.Color","r":230,"g":230,"b":230},"_N$pressedColor":{"__type__":"cc.Color","r":200,"g":200,"b":200},"pressedColor":{"__type__":"cc.Color","r":200,"g":200,"b":200},"_N$disabledColor":{"__type__":"cc.Color","r":120,"g":120,"b":120,"a":200},"_N$normalSprite":{"__uuid__":"f8hk2Had5B/7nh1hlJBDbs"},"_N$pressedSprite":{"__uuid__":"f8hk2Had5B/7nh1hlJBDbs"},"pressedSprite":{"__uuid__":"f8hk2Had5B/7nh1hlJBDbs"},"_N$hoverSprite":{"__uuid__":"f8hk2Had5B/7nh1hlJBDbs"},"hoverSprite":{"__uuid__":"f8hk2Had5B/7nh1hlJBDbs"},"_N$disabledSprite":{"__uuid__":"f8hk2Had5B/7nh1hlJBDbs"},"_N$target":{"__id__":4}}],"_prefab":{"__type__":"cc.PrefabInfo","root":{"__id__":1},"asset":{"__uuid__":"66N3MH4UNOjbAX+mdHqaI+"},"fileId":"d8yDAEjK5A+KooyHgQetQG"},"_contentSize":{"__type__":"cc.Size","width":30,"height":40},"_position":{"__type__":"cc.Vec3","x":-585.843,"y":302.066}},{"__type__":"cc.Node","_name":"Background","_parent":{"__id__":3},"_children":[{"__id__":5}],"_level":2,"_components":[{"__type__":"cc.Sprite","node":{"__id__":4},"_materials":[{"__uuid__":"ecpdLyjvZBwrvm+cedCcQy"}],"_spriteFrame":{"__uuid__":"f8hk2Had5B/7nh1hlJBDbs"},"_type":1,"_sizeMode":0},{"__type__":"cc.Widget","node":{"__id__":4},"alignMode":0,"_alignFlags":45,"_top":6,"_bottom":6,"_originalWidth":100,"_originalHeight":40}],"_prefab":{"__type__":"cc.PrefabInfo","root":{"__id__":1},"asset":{"__uuid__":"66N3MH4UNOjbAX+mdHqaI+"},"fileId":"46dPsaAPRBdqTzT+VYrik3"},"_color":{"__type__":"cc.Color","r":230,"g":230,"b":230},"_contentSize":{"__type__":"cc.Size","width":30,"height":28}},{"__type__":"cc.Node","_name":"Label","_parent":{"__id__":4},"_level":3,"_components":[{"__type__":"cc.Label","node":{"__id__":5},"_materials":[{"__uuid__":"ecpdLyjvZBwrvm+cedCcQy"}],"_useOriginalSize":false,"_fontSize":20,"_enableWrapText":false,"_N$horizontalAlign":1,"_N$verticalAlign":1,"_N$overflow":1}],"_prefab":{"__type__":"cc.PrefabInfo","root":{"__id__":1},"asset":{"__uuid__":"66N3MH4UNOjbAX+mdHqaI+"},"fileId":"efadsJIOZEQ50b5UA9DOY5"},"_color":{"__type__":"cc.Color"},"_contentSize":{"__type__":"cc.Size","width":100,"height":40}},{"__type__":"cc.Node","_name":"title","_parent":{"__id__":2},"_level":3,"_components":[{"__type__":"cc.Sprite","node":{"__id__":6},"_materials":[{"__uuid__":"ecpdLyjvZBwrvm+cedCcQy"}],"_spriteFrame":{"__uuid__":"4f5IVLo3BBQLAJ0+1scW6D"}}],"_prefab":{"__type__":"cc.PrefabInfo","root":{"__id__":1},"asset":{"__uuid__":"66N3MH4UNOjbAX+mdHqaI+"},"fileId":"20P1KbLGRDXo1jehwBPNzP"},"_contentSize":{"__type__":"cc.Size","width":94,"height":29},"_anchorPoint":{"__type__":"cc.Vec2"},"_position":{"__type__":"cc.Vec3","x":-560.659,"y":287.961}},{"__type__":"cc.Node","_name":"share_btn","_parent":{"__id__":2},"_children":[{"__id__":8}],"_level":3,"_components":[{"__type__":"cc.Button","node":{"__id__":7},"_N$transition":2,"transition":2,"_N$normalColor":{"__type__":"cc.Color","r":230,"g":230,"b":230},"_N$pressedColor":{"__type__":"cc.Color","r":200,"g":200,"b":200},"pressedColor":{"__type__":"cc.Color","r":200,"g":200,"b":200},"_N$disabledColor":{"__type__":"cc.Color","r":120,"g":120,"b":120,"a":200},"_N$normalSprite":{"__uuid__":"71hFk1SP1OlIuoYaLVpbUQ"},"_N$pressedSprite":{"__uuid__":"71hFk1SP1OlIuoYaLVpbUQ"},"pressedSprite":{"__uuid__":"71hFk1SP1OlIuoYaLVpbUQ"},"_N$hoverSprite":{"__uuid__":"71hFk1SP1OlIuoYaLVpbUQ"},"hoverSprite":{"__uuid__":"71hFk1SP1OlIuoYaLVpbUQ"},"_N$disabledSprite":{"__uuid__":"71hFk1SP1OlIuoYaLVpbUQ"},"_N$target":{"__id__":8}}],"_prefab":{"__type__":"cc.PrefabInfo","root":{"__id__":1},"asset":{"__uuid__":"66N3MH4UNOjbAX+mdHqaI+"},"fileId":"1dCdf2fONEQIbCeJ+QL1Hm"},"_contentSize":{"__type__":"cc.Size","width":46,"height":54},"_position":{"__type__":"cc.Vec3","x":572.734,"y":302.269}},{"__type__":"cc.Node","_name":"Background","_parent":{"__id__":7},"_children":[{"__id__":9}],"_level":2,"_components":[{"__type__":"cc.Sprite","node":{"__id__":8},"_materials":[{"__uuid__":"ecpdLyjvZBwrvm+cedCcQy"}],"_spriteFrame":{"__uuid__":"71hFk1SP1OlIuoYaLVpbUQ"},"_type":1,"_sizeMode":0},{"__type__":"cc.Widget","node":{"__id__":8},"alignMode":0,"_alignFlags":45,"_originalWidth":100,"_originalHeight":40}],"_prefab":{"__type__":"cc.PrefabInfo","root":{"__id__":1},"asset":{"__uuid__":"66N3MH4UNOjbAX+mdHqaI+"},"fileId":"bfcTSnG/xPN65xZrENR+13"},"_color":{"__type__":"cc.Color","r":230,"g":230,"b":230},"_contentSize":{"__type__":"cc.Size","width":46,"height":54}},{"__type__":"cc.Node","_name":"Label","_parent":{"__id__":8},"_level":3,"_components":[{"__type__":"cc.Label","node":{"__id__":9},"_materials":[{"__uuid__":"ecpdLyjvZBwrvm+cedCcQy"}],"_useOriginalSize":false,"_fontSize":20,"_enableWrapText":false,"_N$horizontalAlign":1,"_N$verticalAlign":1,"_N$overflow":1}],"_prefab":{"__type__":"cc.PrefabInfo","root":{"__id__":1},"asset":{"__uuid__":"66N3MH4UNOjbAX+mdHqaI+"},"fileId":"01O21R5sFFCJChluGIdVF3"},"_color":{"__type__":"cc.Color"},"_contentSize":{"__type__":"cc.Size","width":100,"height":40}},{"__type__":"cc.Node","_name":"leftNode","_parent":{"__id__":2},"_children":[{"__id__":11},{"__id__":12},{"__id__":15},{"__id__":16},{"__id__":19},{"__id__":20}],"_level":3,"_components":[{"__type__":"cc.Sprite","node":{"__id__":10},"_materials":[{"__uuid__":"ecpdLyjvZBwrvm+cedCcQy"}],"_spriteFrame":{"__uuid__":"2bCPRnaDlPooB7gfbeq7WC"},"_sizeMode":0}],"_prefab":{"__type__":"cc.PrefabInfo","root":{"__id__":1},"asset":{"__uuid__":"66N3MH4UNOjbAX+mdHqaI+"},"fileId":"a908c41FJEL4rvqkgmr26N"},"_contentSize":{"__type__":"cc.Size","width":70,"height":547},"_position":{"__type__":"cc.Vec3","x":-560.103,"y":-45.907}},{"__type__":"cc.Node","_name":"rescueBtnText","_parent":{"__id__":10},"_level":4,"_components":[{"__type__":"cc.Label","node":{"__id__":11},"_materials":[{"__uuid__":"ecpdLyjvZBwrvm+cedCcQy"}],"_useOriginalSize":false,"_string":"营\n救\n榜","_N$string":"营\n救\n榜","_fontSize":26,"_lineHeight":39.4,"_enableWrapText":false,"_N$horizontalAlign":1,"_N$verticalAlign":1,"_N$overflow":1}],"_prefab":{"__type__":"cc.PrefabInfo","root":{"__id__":1},"asset":{"__uuid__":"66N3MH4UNOjbAX+mdHqaI+"},"fileId":"2a0CmsIMxBa6XOBV54AEgP"},"_opacity":112.2,"_contentSize":{"__type__":"cc.Size","width":30,"height":170},"_position":{"__type__":"cc.Vec3","y":183.532}},{"__type__":"cc.Node","_name":"rescueBtn","_parent":{"__id__":10},"_children":[{"__id__":13}],"_level":4,"_components":[{"__type__":"cc.Button","node":{"__id__":12},"clickEvents":[{"__type__":"cc.ClickEvent","target":{"__id__":1},"_componentId":"f1288iQqNFAJbeq504IG+R/","handler":"RescueList"}],"_N$transition":2,"transition":2,"_N$normalColor":{"__type__":"cc.Color","r":230,"g":230,"b":230},"_N$pressedColor":{"__type__":"cc.Color","r":200,"g":200,"b":200},"pressedColor":{"__type__":"cc.Color","r":200,"g":200,"b":200},"_N$disabledColor":{"__type__":"cc.Color","r":120,"g":120,"b":120,"a":200},"_N$normalSprite":{"__uuid__":"7doWiptJFBPZ8dAPblIuQ2"},"_N$pressedSprite":{"__uuid__":"7doWiptJFBPZ8dAPblIuQ2"},"pressedSprite":{"__uuid__":"7doWiptJFBPZ8dAPblIuQ2"},"_N$hoverSprite":{"__uuid__":"7doWiptJFBPZ8dAPblIuQ2"},"hoverSprite":{"__uuid__":"7doWiptJFBPZ8dAPblIuQ2"},"_N$disabledSprite":{"__uuid__":"7doWiptJFBPZ8dAPblIuQ2"},"_N$target":{"__id__":12}}],"_prefab":{"__type__":"cc.PrefabInfo","root":{"__id__":1},"asset":{"__uuid__":"66N3MH4UNOjbAX+mdHqaI+"},"fileId":"baCUqhD/tGOY22VC4jyJ3G"},"_contentSize":{"__type__":"cc.Size","width":177,"height":62},"_position":{"__type__":"cc.Vec3","y":183.532},"_eulerAngles":{"__type__":"cc.Vec3","z":90}},{"__type__":"cc.Node","_name":"Background","_parent":{"__id__":12},"_children":[{"__id__":14}],"_level":2,"_components":[{"__type__":"cc.Sprite","node":{"__id__":13},"_materials":[{"__uuid__":"ecpdLyjvZBwrvm+cedCcQy"}],"_spriteFrame":{"__uuid__":"7doWiptJFBPZ8dAPblIuQ2"},"_type":1,"_sizeMode":0},{"__type__":"cc.Widget","node":{"__id__":13},"alignMode":0,"_alignFlags":45,"_originalWidth":100,"_originalHeight":40}],"_prefab":{"__type__":"cc.PrefabInfo","root":{"__id__":1},"asset":{"__uuid__":"66N3MH4UNOjbAX+mdHqaI+"},"fileId":"76B2/gn0xKzokbxDFukEtE"},"_color":{"__type__":"cc.Color","r":230,"g":230,"b":230},"_contentSize":{"__type__":"cc.Size","width":177,"height":62}},{"__type__":"cc.Node","_name":"Label","_parent":{"__id__":13},"_level":3,"_components":[{"__type__":"cc.Label","node":{"__id__":14},"_materials":[{"__uuid__":"ecpdLyjvZBwrvm+cedCcQy"}],"_useOriginalSize":false,"_string":"营\n救\n榜","_N$string":"营\n救\n榜","_fontSize":26,"_lineHeight":39.4,"_enableWrapText":false,"_N$horizontalAlign":1,"_N$verticalAlign":1,"_N$overflow":1}],"_prefab":{"__type__":"cc.PrefabInfo","root":{"__id__":1},"asset":{"__uuid__":"66N3MH4UNOjbAX+mdHqaI+"},"fileId":"2bHbctTfRKBqj016eN5X+/"},"_color":{"__type__":"cc.Color"},"_contentSize":{"__type__":"cc.Size","width":30,"height":170},"_eulerAngles":{"__type__":"cc.Vec3","z":-90}},{"__type__":"cc.Node","_name":"thumbsupBtnText","_parent":{"__id__":10},"_level":4,"_components":[{"__type__":"cc.Label","node":{"__id__":15},"_materials":[{"__uuid__":"ecpdLyjvZBwrvm+cedCcQy"}],"_useOriginalSize":false,"_string":"点\n赞\n榜","_N$string":"点\n赞\n榜","_fontSize":26,"_lineHeight":37,"_enableWrapText":false,"_N$horizontalAlign":1,"_N$verticalAlign":1,"_N$overflow":1}],"_prefab":{"__type__":"cc.PrefabInfo","root":{"__id__":1},"asset":{"__uuid__":"66N3MH4UNOjbAX+mdHqaI+"},"fileId":"d7vG4UasJO344b7Lp68S1G"},"_opacity":112.2,"_contentSize":{"__type__":"cc.Size","width":30,"height":170},"_position":{"__type__":"cc.Vec3","y":-0.468},"_eulerAngles":{"__type__":"cc.Vec3","z":-1.2722218725854067e-14}},{"__type__":"cc.Node","_name":"thumbsupBtn","_parent":{"__id__":10},"_children":[{"__id__":17}],"_level":4,"_components":[{"__type__":"cc.Button","node":{"__id__":16},"clickEvents":[{"__type__":"cc.ClickEvent","target":{"__id__":1},"_componentId":"f1288iQqNFAJbeq504IG+R/","handler":"PointPraiseList"}],"_N$transition":2,"transition":2,"_N$normalColor":{"__type__":"cc.Color","r":230,"g":230,"b":230},"_N$pressedColor":{"__type__":"cc.Color","r":200,"g":200,"b":200},"pressedColor":{"__type__":"cc.Color","r":200,"g":200,"b":200},"_N$disabledColor":{"__type__":"cc.Color","r":120,"g":120,"b":120,"a":200},"_N$normalSprite":{"__uuid__":"7doWiptJFBPZ8dAPblIuQ2"},"_N$pressedSprite":{"__uuid__":"7doWiptJFBPZ8dAPblIuQ2"},"pressedSprite":{"__uuid__":"7doWiptJFBPZ8dAPblIuQ2"},"_N$hoverSprite":{"__uuid__":"7doWiptJFBPZ8dAPblIuQ2"},"hoverSprite":{"__uuid__":"7doWiptJFBPZ8dAPblIuQ2"},"_N$disabledSprite":{"__uuid__":"7doWiptJFBPZ8dAPblIuQ2"},"_N$target":{"__id__":17}}],"_prefab":{"__type__":"cc.PrefabInfo","root":{"__id__":1},"asset":{"__uuid__":"66N3MH4UNOjbAX+mdHqaI+"},"fileId":"75MXOsPeJDdoXSzv+3X4C+"},"_opacity":0,"_contentSize":{"__type__":"cc.Size","width":177,"height":62},"_position":{"__type__":"cc.Vec3","y":-0.468},"_eulerAngles":{"__type__":"cc.Vec3","z":89.99999999999999}},{"__type__":"cc.Node","_name":"Background","_parent":{"__id__":16},"_children":[{"__id__":18}],"_level":2,"_components":[{"__type__":"cc.Sprite","node":{"__id__":17},"_materials":[{"__uuid__":"ecpdLyjvZBwrvm+cedCcQy"}],"_spriteFrame":{"__uuid__":"7doWiptJFBPZ8dAPblIuQ2"},"_type":1,"_sizeMode":0},{"__type__":"cc.Widget","node":{"__id__":17},"alignMode":0,"_alignFlags":45,"_originalWidth":100,"_originalHeight":40}],"_prefab":{"__type__":"cc.PrefabInfo","root":{"__id__":1},"asset":{"__uuid__":"66N3MH4UNOjbAX+mdHqaI+"},"fileId":"a6k91gbIJDJoiyXz/Cjm+O"},"_color":{"__type__":"cc.Color","r":230,"g":230,"b":230},"_contentSize":{"__type__":"cc.Size","width":177,"height":62}},{"__type__":"cc.Node","_name":"Label","_parent":{"__id__":17},"_level":3,"_components":[{"__type__":"cc.Label","node":{"__id__":18},"_materials":[{"__uuid__":"ecpdLyjvZBwrvm+cedCcQy"}],"_useOriginalSize":false,"_string":"点\n赞\n榜","_N$string":"点\n赞\n榜","_fontSize":26,"_lineHeight":37,"_enableWrapText":false,"_N$horizontalAlign":1,"_N$verticalAlign":1,"_N$overflow":1}],"_prefab":{"__type__":"cc.PrefabInfo","root":{"__id__":1},"asset":{"__uuid__":"66N3MH4UNOjbAX+mdHqaI+"},"fileId":"57sh2FljpCLKLfsNdouWZp"},"_color":{"__type__":"cc.Color"},"_contentSize":{"__type__":"cc.Size","width":30,"height":170},"_eulerAngles":{"__type__":"cc.Vec3","z":-90}},{"__type__":"cc.Node","_name":"complaintsBtnText","_parent":{"__id__":10},"_level":4,"_components":[{"__type__":"cc.Label","node":{"__id__":19},"_materials":[{"__uuid__":"ecpdLyjvZBwrvm+cedCcQy"}],"_useOriginalSize":false,"_string":"吐\n槽\n榜","_N$string":"吐\n槽\n榜","_fontSize":26,"_lineHeight":37,"_enableWrapText":false,"_N$horizontalAlign":1,"_N$verticalAlign":1,"_N$overflow":1}],"_prefab":{"__type__":"cc.PrefabInfo","root":{"__id__":1},"asset":{"__uuid__":"66N3MH4UNOjbAX+mdHqaI+"},"fileId":"1cPnCfml5JeY4i2UaOV0/l"},"_opacity":112.2,"_contentSize":{"__type__":"cc.Size","width":30,"height":160},"_position":{"__type__":"cc.Vec3","y":-184.468},"_eulerAngles":{"__type__":"cc.Vec3","z":-1.2722218725854067e-14}},{"__type__":"cc.Node","_name":"complaintsBtn","_parent":{"__id__":10},"_children":[{"__id__":21}],"_level":4,"_components":[{"__type__":"cc.Button","node":{"__id__":20},"clickEvents":[{"__type__":"cc.ClickEvent","target":{"__id__":1},"_componentId":"f1288iQqNFAJbeq504IG+R/","handler":"TucaoList"}],"_N$transition":2,"transition":2,"_N$normalColor":{"__type__":"cc.Color","r":230,"g":230,"b":230},"_N$pressedColor":{"__type__":"cc.Color","r":200,"g":200,"b":200},"pressedColor":{"__type__":"cc.Color","r":200,"g":200,"b":200},"_N$disabledColor":{"__type__":"cc.Color","r":120,"g":120,"b":120,"a":200},"_N$normalSprite":{"__uuid__":"7doWiptJFBPZ8dAPblIuQ2"},"_N$pressedSprite":{"__uuid__":"7doWiptJFBPZ8dAPblIuQ2"},"pressedSprite":{"__uuid__":"7doWiptJFBPZ8dAPblIuQ2"},"_N$hoverSprite":{"__uuid__":"7doWiptJFBPZ8dAPblIuQ2"},"hoverSprite":{"__uuid__":"7doWiptJFBPZ8dAPblIuQ2"},"_N$disabledSprite":{"__uuid__":"7doWiptJFBPZ8dAPblIuQ2"},"_N$target":{"__id__":21}}],"_prefab":{"__type__":"cc.PrefabInfo","root":{"__id__":1},"asset":{"__uuid__":"66N3MH4UNOjbAX+mdHqaI+"},"fileId":"6dxk3Nmi9JSbImE134X3eY"},"_opacity":0,"_contentSize":{"__type__":"cc.Size","width":177,"height":62},"_position":{"__type__":"cc.Vec3","y":-184.468},"_eulerAngles":{"__type__":"cc.Vec3","z":89.99999999999999}},{"__type__":"cc.Node","_name":"Background","_parent":{"__id__":20},"_children":[{"__id__":22}],"_level":2,"_components":[{"__type__":"cc.Sprite","node":{"__id__":21},"_materials":[{"__uuid__":"ecpdLyjvZBwrvm+cedCcQy"}],"_spriteFrame":{"__uuid__":"7doWiptJFBPZ8dAPblIuQ2"},"_type":1,"_sizeMode":0},{"__type__":"cc.Widget","node":{"__id__":21},"alignMode":0,"_alignFlags":45,"_originalWidth":100,"_originalHeight":40}],"_prefab":{"__type__":"cc.PrefabInfo","root":{"__id__":1},"asset":{"__uuid__":"66N3MH4UNOjbAX+mdHqaI+"},"fileId":"e7p2iZLI9FRrqBPalyzSAN"},"_color":{"__type__":"cc.Color","r":230,"g":230,"b":230},"_contentSize":{"__type__":"cc.Size","width":177,"height":62}},{"__type__":"cc.Node","_name":"Label","_parent":{"__id__":21},"_level":3,"_components":[{"__type__":"cc.Label","node":{"__id__":22},"_materials":[{"__uuid__":"ecpdLyjvZBwrvm+cedCcQy"}],"_useOriginalSize":false,"_string":"吐\n槽\n榜","_N$string":"吐\n槽\n榜","_fontSize":26,"_lineHeight":37,"_enableWrapText":false,"_N$horizontalAlign":1,"_N$verticalAlign":1,"_N$overflow":1}],"_prefab":{"__type__":"cc.PrefabInfo","root":{"__id__":1},"asset":{"__uuid__":"66N3MH4UNOjbAX+mdHqaI+"},"fileId":"2cxsk8IVFNx7Z1oLk7Us/S"},"_color":{"__type__":"cc.Color"},"_contentSize":{"__type__":"cc.Size","width":30,"height":160},"_eulerAngles":{"__type__":"cc.Vec3","z":-90}},{"__type__":"cc.Node","_name":"rescuePanel","_parent":{"__id__":2},"_children":[{"__id__":24},{"__id__":28},{"__id__":32}],"_active":false,"_level":3,"_prefab":{"__type__":"cc.PrefabInfo","root":{"__id__":1},"asset":{"__uuid__":"66N3MH4UNOjbAX+mdHqaI+"},"fileId":"1bwzt/ogxDzYZQoaFQBFe4"},"_position":{"__type__":"cc.Vec3","x":-593.967,"y":-221.355}},{"__type__":"cc.Node","_name":"top","_parent":{"__id__":23},"_children":[{"__id__":25},{"__id__":26},{"__id__":27}],"_level":4,"_components":[{"__type__":"cc.Sprite","node":{"__id__":24},"_materials":[{"__uuid__":"ecpdLyjvZBwrvm+cedCcQy"}],"_spriteFrame":{"__uuid__":"2bCPRnaDlPooB7gfbeq7WC"},"_sizeMode":0}],"_prefab":{"__type__":"cc.PrefabInfo","root":{"__id__":1},"asset":{"__uuid__":"66N3MH4UNOjbAX+mdHqaI+"},"fileId":"a4Kd+UTjFEpIUxGtDE+avD"},"_contentSize":{"__type__":"cc.Size","width":1102,"height":50},"_position":{"__type__":"cc.Vec3","x":629.124,"y":423.595}},{"__type__":"cc.Node","_name":"rank","_parent":{"__id__":24},"_level":5,"_components":[{"__type__":"cc.Label","node":{"__id__":25},"_materials":[{"__uuid__":"ecpdLyjvZBwrvm+cedCcQy"}],"_useOriginalSize":false,"_string":"排名","_N$string":"排名","_fontSize":24,"_lineHeight":33,"_N$horizontalAlign":1,"_N$verticalAlign":1}],"_prefab":{"__type__":"cc.PrefabInfo","root":{"__id__":1},"asset":{"__uuid__":"66N3MH4UNOjbAX+mdHqaI+"},"fileId":"b0H2KIzudGtZs5+p5nS5m4"},"_opacity":112.2,"_contentSize":{"__type__":"cc.Size","width":48,"height":41.58},"_position":{"__type__":"cc.Vec3","x":-460.099,"y":0.422}},{"__type__":"cc.Node","_name":"nickName","_parent":{"__id__":24},"_level":5,"_components":[{"__type__":"cc.Label","node":{"__id__":26},"_materials":[{"__uuid__":"ecpdLyjvZBwrvm+cedCcQy"}],"_useOriginalSize":false,"_string":"昵称","_N$string":"昵称","_fontSize":24,"_lineHeight":33,"_N$horizontalAlign":1,"_N$verticalAlign":1}],"_prefab":{"__type__":"cc.PrefabInfo","root":{"__id__":1},"asset":{"__uuid__":"66N3MH4UNOjbAX+mdHqaI+"},"fileId":"c8/5Uqr0VFMJ3BZUnv5Xoi"},"_opacity":112.2,"_contentSize":{"__type__":"cc.Size","width":48,"height":41.58},"_position":{"__type__":"cc.Vec3","x":-84.912,"y":-0.1120000000000001}},{"__type__":"cc.Node","_name":"Proficiency","_parent":{"__id__":24},"_level":5,"_components":[{"__type__":"cc.Label","node":{"__id__":27},"_materials":[{"__uuid__":"ecpdLyjvZBwrvm+cedCcQy"}],"_useOriginalSize":false,"_string":"营救度","_N$string":"营救度","_fontSize":24,"_lineHeight":33,"_N$horizontalAlign":1,"_N$verticalAlign":1}],"_prefab":{"__type__":"cc.PrefabInfo","root":{"__id__":1},"asset":{"__uuid__":"66N3MH4UNOjbAX+mdHqaI+"},"fileId":"4aov4S971AeKwc4wq2iIM+"},"_opacity":112.2,"_contentSize":{"__type__":"cc.Size","width":72,"height":41.58},"_position":{"__type__":"cc.Vec3","x":311.463,"y":1.313}},{"__type__":"cc.Node","_name":"rescuePanel_Item","_parent":{"__id__":23},"_children":[{"__id__":29},{"__id__":30},{"__id__":31}],"_active":false,"_level":4,"_components":[{"__type__":"cc.Sprite","_name":"rescuePanel_Item<Sprite>","node":{"__id__":28},"_materials":[{"__uuid__":"ecpdLyjvZBwrvm+cedCcQy"}],"_spriteFrame":{"__uuid__":"2bCPRnaDlPooB7gfbeq7WC"},"_sizeMode":0}],"_prefab":{"__type__":"cc.PrefabInfo","root":{"__id__":1},"asset":{"__uuid__":"66N3MH4UNOjbAX+mdHqaI+"},"fileId":"71ZDStR7dJ64KsolA+8hAS"},"_contentSize":{"__type__":"cc.Size","width":1102,"height":80},"_anchorPoint":{"__type__":"cc.Vec2","y":1},"_position":{"__type__":"cc.Vec3","x":78.964,"y":391.316}},{"__type__":"cc.Node","_name":"rank","_parent":{"__id__":28},"_level":2,"_components":[{"__type__":"cc.Label","_name":"rank<Label>","node":{"__id__":29},"_materials":[{"__uuid__":"ecpdLyjvZBwrvm+cedCcQy"}],"_useOriginalSize":false,"_string":"1","_N$string":"1","_fontSize":24,"_lineHeight":33,"_N$horizontalAlign":1,"_N$verticalAlign":1}],"_prefab":{"__type__":"cc.PrefabInfo","root":{"__id__":1},"asset":{"__uuid__":"66N3MH4UNOjbAX+mdHqaI+"},"fileId":"6cLZqxRadOWLrB261Sow4k"},"_contentSize":{"__type__":"cc.Size","width":13.35,"height":41.58},"_position":{"__type__":"cc.Vec3","x":90.412,"y":-42.458}},{"__type__":"cc.Node","_name":"name","_parent":{"__id__":28},"_level":2,"_components":[{"__type__":"cc.Label","_name":"name<Label>","node":{"__id__":30},"_materials":[{"__uuid__":"ecpdLyjvZBwrvm+cedCcQy"}],"_useOriginalSize":false,"_string":"你好","_N$string":"你好","_fontSize":24,"_lineHeight":33,"_N$horizontalAlign":1,"_N$verticalAlign":1}],"_prefab":{"__type__":"cc.PrefabInfo","root":{"__id__":1},"asset":{"__uuid__":"66N3MH4UNOjbAX+mdHqaI+"},"fileId":"8cRC1GVslHl5izxdvE3x5U"},"_contentSize":{"__type__":"cc.Size","width":48,"height":41.58},"_position":{"__type__":"cc.Vec3","x":467.702,"y":-41}},{"__type__":"cc.Node","_name":"rescuePercent","_parent":{"__id__":28},"_level":2,"_components":[{"__type__":"cc.Label","_name":"rescuePercent<Label>","node":{"__id__":31},"_materials":[{"__uuid__":"ecpdLyjvZBwrvm+cedCcQy"}],"_useOriginalSize":false,"_string":"12%","_N$string":"12%","_fontSize":24,"_lineHeight":33,"_N$horizontalAlign":1,"_N$verticalAlign":1}],"_prefab":{"__type__":"cc.PrefabInfo","root":{"__id__":1},"asset":{"__uuid__":"66N3MH4UNOjbAX+mdHqaI+"},"fileId":"cdRQQG5X1KL4SZMOhnpxbh"},"_contentSize":{"__type__":"cc.Size","width":48.04,"height":41.58},"_position":{"__type__":"cc.Vec3","x":867.023,"y":-41}},{"__type__":"cc.Node","_name":"rescueList","_parent":{"__id__":23},"_children":[{"__id__":33},{"__id__":39}],"_level":4,"_components":[{"__type__":"cc.Sprite","node":{"__id__":32},"_enabled":false,"_materials":[{"__uuid__":"ecpdLyjvZBwrvm+cedCcQy"}],"_spriteFrame":{"__uuid__":"9bvaMerUlDyary99mJa6xp"},"_type":1,"_sizeMode":0},{"__id__":37}],"_prefab":{"__type__":"cc.PrefabInfo","root":{"__id__":1},"asset":{"__uuid__":"66N3MH4UNOjbAX+mdHqaI+"},"fileId":"21ytTvJ3xMFrKaaxhrabUd"},"_contentSize":{"__type__":"cc.Size","width":1102,"height":480},"_position":{"__type__":"cc.Vec3","x":627.536,"y":157.643}},{"__type__":"cc.Node","_name":"scrollBar","_parent":{"__id__":32},"_children":[{"__id__":34}],"_active":false,"_components":[{"__id__":36},{"__type__":"cc.Widget","node":{"__id__":33},"alignMode":0,"_alignFlags":37,"_left":350.07654921020657,"_originalHeight":237},{"__type__":"cc.Sprite","node":{"__id__":33},"_materials":[{"__uuid__":"ecpdLyjvZBwrvm+cedCcQy"}],"_spriteFrame":{"__uuid__":"5f5dyqtRNNxaFmVzYns6FZ"},"_type":1,"_sizeMode":0}],"_prefab":{"__type__":"cc.PrefabInfo","root":{"__id__":1},"asset":{"__uuid__":"66N3MH4UNOjbAX+mdHqaI+"},"fileId":"53KZcBKn5E4LjoHwmvU2vX"},"_contentSize":{"__type__":"cc.Size","width":12,"height":547},"_anchorPoint":{"__type__":"cc.Vec2","x":1,"y":0.5},"_position":{"__type__":"cc.Vec3","x":551}},{"__type__":"cc.Node","_name":"bar","_parent":{"__id__":33},"_components":[{"__id__":35}],"_prefab":{"__type__":"cc.PrefabInfo","root":{"__id__":1},"asset":{"__uuid__":"66N3MH4UNOjbAX+mdHqaI+"},"fileId":"78Ba0+ioJGrbNI66SIxks5"},"_contentSize":{"__type__":"cc.Size","width":10,"height":30},"_anchorPoint":{"__type__":"cc.Vec2","x":1},"_position":{"__type__":"cc.Vec3","x":-1}},{"__type__":"cc.Sprite","node":{"__id__":34},"_materials":[{"__uuid__":"ecpdLyjvZBwrvm+cedCcQy"}],"_spriteFrame":{"__uuid__":"5cO7kybDxGj4ipyMYdRYZB"},"_type":1,"_sizeMode":0},{"__type__":"cc.Scrollbar","node":{"__id__":33},"_scrollView":{"__id__":37},"_N$handle":{"__id__":35},"_N$direction":1},{"__type__":"cc.ScrollView","node":{"__id__":32},"horizontal":false,"brake":0.75,"bounceDuration":0.23,"_N$content":{"__id__":38},"content":{"__id__":38},"_N$horizontalScrollBar":null,"_N$verticalScrollBar":{"__id__":36}},{"__type__":"cc.Node","_name":"content","_parent":{"__id__":39},"_prefab":{"__type__":"cc.PrefabInfo","root":{"__id__":1},"asset":{"__uuid__":"66N3MH4UNOjbAX+mdHqaI+"},"fileId":"d3eJD23WFNMa4BmrADzD+Z"},"_contentSize":{"__type__":"cc.Size","width":1102,"height":480},"_anchorPoint":{"__type__":"cc.Vec2","x":0.5,"y":1},"_position":{"__type__":"cc.Vec3","y":223.554}},{"__type__":"cc.Node","_name":"view","_parent":{"__id__":32},"_children":[{"__id__":38}],"_components":[{"__type__":"cc.Mask","node":{"__id__":39},"_materials":[{"__uuid__":"ecpdLyjvZBwrvm+cedCcQy"}]}],"_prefab":{"__type__":"cc.PrefabInfo","root":{"__id__":1},"asset":{"__uuid__":"66N3MH4UNOjbAX+mdHqaI+"},"fileId":"aalnJ6RLZMCachQIZY6nDM"},"_contentSize":{"__type__":"cc.Size","width":1102,"height":480}},{"__type__":"cc.Node","_name":"thumbsPanel","_parent":{"__id__":2},"_children":[{"__id__":41},{"__id__":44},{"__id__":51},{"__id__":59},{"__id__":72}],"_level":3,"_prefab":{"__type__":"cc.PrefabInfo","root":{"__id__":1},"asset":{"__uuid__":"66N3MH4UNOjbAX+mdHqaI+"},"fileId":"8arR0ou8NFtLUeZiYxfxiL"},"_position":{"__type__":"cc.Vec3","x":-15.277999999999999,"y":136.199}},{"__type__":"cc.Node","_name":"role_rank","_parent":{"__id__":40},"_children":[{"__id__":42},{"__id__":43}],"_level":4,"_components":[{"__type__":"cc.Sprite","node":{"__id__":41},"_materials":[{"__uuid__":"ecpdLyjvZBwrvm+cedCcQy"}],"_spriteFrame":{"__uuid__":"2bCPRnaDlPooB7gfbeq7WC"},"_sizeMode":0}],"_prefab":{"__type__":"cc.PrefabInfo","root":{"__id__":1},"asset":{"__uuid__":"66N3MH4UNOjbAX+mdHqaI+"},"fileId":"afHEIH5xpIQo6aV4j3kgcm"},"_contentSize":{"__type__":"cc.Size","width":360,"height":50},"_position":{"__type__":"cc.Vec3","x":-323.892,"y":65.942}},{"__type__":"cc.Node","_name":"record_tucao","_parent":{"__id__":41},"_active":false,"_level":5,"_components":[{"__type__":"cc.Sprite","node":{"__id__":42},"_materials":[{"__uuid__":"ecpdLyjvZBwrvm+cedCcQy"}],"_spriteFrame":{"__uuid__":"83Vz+hqIFPDoTcC7uKS7yt"}}],"_prefab":{"__type__":"cc.PrefabInfo","root":{"__id__":1},"asset":{"__uuid__":"66N3MH4UNOjbAX+mdHqaI+"},"fileId":"e6zVEBJ/BKQJyBIbfiW1pr"},"_contentSize":{"__type__":"cc.Size","width":141,"height":23},"_position":{"__type__":"cc.Vec3","x":-2.83,"y":0.859}},{"__type__":"cc.Node","_name":"record_thumbs","_parent":{"__id__":41},"_level":5,"_components":[{"__type__":"cc.Sprite","node":{"__id__":43},"_materials":[{"__uuid__":"ecpdLyjvZBwrvm+cedCcQy"}],"_spriteFrame":{"__uuid__":"18xM9ZT0RL3oNadHmrcV+U"}}],"_prefab":{"__type__":"cc.PrefabInfo","root":{"__id__":1},"asset":{"__uuid__":"66N3MH4UNOjbAX+mdHqaI+"},"fileId":"cdrVzzdZZNDLL9IroDCncp"},"_contentSize":{"__type__":"cc.Size","width":141,"height":23}},{"__type__":"cc.Node","_name":"thumbList_Item","_parent":{"__id__":40},"_children":[{"__id__":45},{"__id__":46},{"__id__":47},{"__id__":48}],"_active":false,"_level":4,"_components":[{"__type__":"cc.Sprite","node":{"__id__":44},"_materials":[{"__uuid__":"ecpdLyjvZBwrvm+cedCcQy"}],"_spriteFrame":{"__uuid__":"2bCPRnaDlPooB7gfbeq7WC"},"_sizeMode":0}],"_prefab":{"__type__":"cc.PrefabInfo","root":{"__id__":1},"asset":{"__uuid__":"66N3MH4UNOjbAX+mdHqaI+"},"fileId":"c2Mij7FoNNBr0PPNTfRhcz"},"_contentSize":{"__type__":"cc.Size","width":360,"height":80},"_anchorPoint":{"__type__":"cc.Vec2","y":1},"_position":{"__type__":"cc.Vec3","x":-504.201,"y":32.427}},{"__type__":"cc.Node","_name":"name","_parent":{"__id__":44},"_level":2,"_components":[{"__type__":"cc.Label","node":{"__id__":45},"_materials":[{"__uuid__":"ecpdLyjvZBwrvm+cedCcQy"}],"_useOriginalSize":false,"_string":"你好","_N$string":"你好","_fontSize":20,"_lineHeight":28,"_N$horizontalAlign":1,"_N$verticalAlign":1}],"_prefab":{"__type__":"cc.PrefabInfo","root":{"__id__":1},"asset":{"__uuid__":"66N3MH4UNOjbAX+mdHqaI+"},"fileId":"6fnG4utARPBIhWOZRxpAiV"},"_contentSize":{"__type__":"cc.Size","width":40,"height":35.28},"_position":{"__type__":"cc.Vec3","x":140,"y":-25}},{"__type__":"cc.Node","_name":"userId","_parent":{"__id__":44},"_level":2,"_components":[{"__type__":"cc.Label","node":{"__id__":46},"_materials":[{"__uuid__":"ecpdLyjvZBwrvm+cedCcQy"}],"_useOriginalSize":false,"_string":"12%","_N$string":"12%","_fontSize":20,"_lineHeight":28,"_N$horizontalAlign":1,"_N$verticalAlign":1}],"_prefab":{"__type__":"cc.PrefabInfo","root":{"__id__":1},"asset":{"__uuid__":"66N3MH4UNOjbAX+mdHqaI+"},"fileId":"6dFqrZzddPH6/em4fPmY5r"},"_contentSize":{"__type__":"cc.Size","width":40.03,"height":35.28},"_position":{"__type__":"cc.Vec3","x":140,"y":-57}},{"__type__":"cc.Node","_name":"c_icon","_parent":{"__id__":44},"_level":2,"_components":[{"__type__":"cc.Sprite","node":{"__id__":47},"_materials":[{"__uuid__":"ecpdLyjvZBwrvm+cedCcQy"}],"_spriteFrame":{"__uuid__":"d1UYwjnqNAPJ5JO51z68VY"}}],"_prefab":{"__type__":"cc.PrefabInfo","root":{"__id__":1},"asset":{"__uuid__":"66N3MH4UNOjbAX+mdHqaI+"},"fileId":"ebg4BxjdlM2YBjugo2Zyx7"},"_contentSize":{"__type__":"cc.Size","width":56,"height":64},"_position":{"__type__":"cc.Vec3","x":60.637,"y":-42.262}},{"__type__":"cc.Node","_name":"thumbBtn","_parent":{"__id__":44},"_children":[{"__id__":49}],"_level":2,"_components":[{"__type__":"cc.Button","node":{"__id__":48},"_N$transition":2,"transition":2,"_N$normalColor":{"__type__":"cc.Color","r":230,"g":230,"b":230},"_N$pressedColor":{"__type__":"cc.Color","r":200,"g":200,"b":200},"pressedColor":{"__type__":"cc.Color","r":200,"g":200,"b":200},"_N$disabledColor":{"__type__":"cc.Color","r":120,"g":120,"b":120,"a":200},"_N$normalSprite":{"__uuid__":"ec0ILME8ZCK6xX6i31QLSE"},"_N$pressedSprite":{"__uuid__":"ec0ILME8ZCK6xX6i31QLSE"},"pressedSprite":{"__uuid__":"ec0ILME8ZCK6xX6i31QLSE"},"_N$hoverSprite":{"__uuid__":"ec0ILME8ZCK6xX6i31QLSE"},"hoverSprite":{"__uuid__":"ec0ILME8ZCK6xX6i31QLSE"},"_N$disabledSprite":{"__uuid__":"ec0ILME8ZCK6xX6i31QLSE"},"_N$target":{"__id__":49}}],"_prefab":{"__type__":"cc.PrefabInfo","root":{"__id__":1},"asset":{"__uuid__":"66N3MH4UNOjbAX+mdHqaI+"},"fileId":"858k1QuttPe4NLTj6O8Mlc"},"_contentSize":{"__type__":"cc.Size","width":100,"height":40},"_position":{"__type__":"cc.Vec3","x":285.45,"y":-38.925}},{"__type__":"cc.Node","_name":"Background","_parent":{"__id__":48},"_children":[{"__id__":50}],"_level":2,"_components":[{"__type__":"cc.Sprite","node":{"__id__":49},"_materials":[{"__uuid__":"ecpdLyjvZBwrvm+cedCcQy"}],"_spriteFrame":{"__uuid__":"ec0ILME8ZCK6xX6i31QLSE"},"_type":1,"_sizeMode":0},{"__type__":"cc.Widget","node":{"__id__":49},"alignMode":0,"_alignFlags":45,"_originalWidth":100,"_originalHeight":40}],"_prefab":{"__type__":"cc.PrefabInfo","root":{"__id__":1},"asset":{"__uuid__":"66N3MH4UNOjbAX+mdHqaI+"},"fileId":"dcFJQ4j8JIgZmL6VfVIitm"},"_color":{"__type__":"cc.Color","r":230,"g":230,"b":230},"_contentSize":{"__type__":"cc.Size","width":100,"height":40}},{"__type__":"cc.Node","_name":"Label","_parent":{"__id__":49},"_level":3,"_components":[{"__type__":"cc.Label","node":{"__id__":50},"_materials":[{"__uuid__":"ecpdLyjvZBwrvm+cedCcQy"}],"_useOriginalSize":false,"_string":"点赞","_N$string":"点赞","_fontSize":20,"_enableWrapText":false,"_N$horizontalAlign":1,"_N$verticalAlign":1,"_N$overflow":1}],"_prefab":{"__type__":"cc.PrefabInfo","root":{"__id__":1},"asset":{"__uuid__":"66N3MH4UNOjbAX+mdHqaI+"},"fileId":"27Aya6lIVAYpDDipR2iuYn"},"_color":{"__type__":"cc.Color"},"_contentSize":{"__type__":"cc.Size","width":100,"height":40}},{"__type__":"cc.Node","_name":"thumbsList","_parent":{"__id__":40},"_children":[{"__id__":52},{"__id__":58}],"_level":4,"_components":[{"__type__":"cc.Sprite","node":{"__id__":51},"_enabled":false,"_materials":[{"__uuid__":"ecpdLyjvZBwrvm+cedCcQy"}],"_spriteFrame":{"__uuid__":"9bvaMerUlDyary99mJa6xp"},"_type":1,"_sizeMode":0},{"__id__":56}],"_prefab":{"__type__":"cc.PrefabInfo","root":{"__id__":1},"asset":{"__uuid__":"66N3MH4UNOjbAX+mdHqaI+"},"fileId":"08MfmJKiFLn6dlPNAxtcL8"},"_contentSize":{"__type__":"cc.Size","width":360,"height":498},"_position":{"__type__":"cc.Vec3","x":-324.025,"y":-210.068}},{"__type__":"cc.Node","_name":"scrollBar","_parent":{"__id__":51},"_children":[{"__id__":53}],"_active":false,"_components":[{"__id__":55},{"__type__":"cc.Widget","node":{"__id__":52},"alignMode":0,"_alignFlags":37,"_left":350.07654921020657,"_originalHeight":237},{"__type__":"cc.Sprite","node":{"__id__":52},"_materials":[{"__uuid__":"ecpdLyjvZBwrvm+cedCcQy"}],"_spriteFrame":{"__uuid__":"5f5dyqtRNNxaFmVzYns6FZ"},"_type":1,"_sizeMode":0}],"_prefab":{"__type__":"cc.PrefabInfo","root":{"__id__":1},"asset":{"__uuid__":"66N3MH4UNOjbAX+mdHqaI+"},"fileId":"0fgUY7ELJI05Y7OLDeTvfU"},"_contentSize":{"__type__":"cc.Size","width":12,"height":547},"_anchorPoint":{"__type__":"cc.Vec2","x":1,"y":0.5},"_position":{"__type__":"cc.Vec3","x":551}},{"__type__":"cc.Node","_name":"bar","_parent":{"__id__":52},"_components":[{"__id__":54}],"_prefab":{"__type__":"cc.PrefabInfo","root":{"__id__":1},"asset":{"__uuid__":"66N3MH4UNOjbAX+mdHqaI+"},"fileId":"207W+cMB1Hqrl1r95MNdyA"},"_contentSize":{"__type__":"cc.Size","width":10,"height":30},"_anchorPoint":{"__type__":"cc.Vec2","x":1},"_position":{"__type__":"cc.Vec3","x":-1}},{"__type__":"cc.Sprite","node":{"__id__":53},"_materials":[{"__uuid__":"ecpdLyjvZBwrvm+cedCcQy"}],"_spriteFrame":{"__uuid__":"5cO7kybDxGj4ipyMYdRYZB"},"_type":1,"_sizeMode":0},{"__type__":"cc.Scrollbar","node":{"__id__":52},"_scrollView":{"__id__":56},"_N$handle":{"__id__":54},"_N$direction":1},{"__type__":"cc.ScrollView","node":{"__id__":51},"horizontal":false,"brake":0.75,"bounceDuration":0.23,"_N$content":{"__id__":57},"content":{"__id__":57},"_N$horizontalScrollBar":null,"_N$verticalScrollBar":{"__id__":55}},{"__type__":"cc.Node","_name":"content","_parent":{"__id__":58},"_prefab":{"__type__":"cc.PrefabInfo","root":{"__id__":1},"asset":{"__uuid__":"66N3MH4UNOjbAX+mdHqaI+"},"fileId":"a8Eqq+rO9MB5svSix+9nWI"},"_contentSize":{"__type__":"cc.Size","width":360,"height":498},"_anchorPoint":{"__type__":"cc.Vec2","x":0.5,"y":1},"_position":{"__type__":"cc.Vec3","y":245.678}},{"__type__":"cc.Node","_name":"view","_parent":{"__id__":51},"_children":[{"__id__":57}],"_components":[{"__type__":"cc.Mask","node":{"__id__":58},"_materials":[{"__uuid__":"ecpdLyjvZBwrvm+cedCcQy"}]}],"_prefab":{"__type__":"cc.PrefabInfo","root":{"__id__":1},"asset":{"__uuid__":"66N3MH4UNOjbAX+mdHqaI+"},"fileId":"78tZOLVa9Pxp0hcHYHa35K"},"_contentSize":{"__type__":"cc.Size","width":360,"height":498}},{"__type__":"cc.Node","_name":"topNode","_parent":{"__id__":40},"_children":[{"__id__":60},{"__id__":61},{"__id__":64},{"__id__":65},{"__id__":68},{"__id__":69}],"_level":4,"_components":[{"__type__":"cc.Sprite","node":{"__id__":59},"_materials":[{"__uuid__":"ecpdLyjvZBwrvm+cedCcQy"}],"_spriteFrame":{"__uuid__":"2bCPRnaDlPooB7gfbeq7WC"},"_sizeMode":0}],"_prefab":{"__type__":"cc.PrefabInfo","root":{"__id__":1},"asset":{"__uuid__":"66N3MH4UNOjbAX+mdHqaI+"},"fileId":"e5XqLXehlHHbb4vuuzJLMK"},"_contentSize":{"__type__":"cc.Size","width":732,"height":50},"_position":{"__type__":"cc.Vec3","x":230.932,"y":65.568}},{"__type__":"cc.Node","_name":"PraiseText","_parent":{"__id__":59},"_level":5,"_components":[{"__type__":"cc.Label","node":{"__id__":60},"_materials":[{"__uuid__":"ecpdLyjvZBwrvm+cedCcQy"}],"_useOriginalSize":false,"_string":"点赞日榜","_N$string":"点赞日榜","_fontSize":24,"_lineHeight":33,"_enableWrapText":false,"_N$horizontalAlign":1,"_N$verticalAlign":1,"_N$overflow":1}],"_prefab":{"__type__":"cc.PrefabInfo","root":{"__id__":1},"asset":{"__uuid__":"66N3MH4UNOjbAX+mdHqaI+"},"fileId":"e3fmU+X3lNLrAGU3+2hFNx"},"_opacity":112.2,"_contentSize":{"__type__":"cc.Size","width":100,"height":40},"_position":{"__type__":"cc.Vec3","x":-258}},{"__type__":"cc.Node","_name":"praiseDayBtn","_parent":{"__id__":59},"_children":[{"__id__":62}],"_level":4,"_components":[{"__type__":"cc.Button","node":{"__id__":61},"clickEvents":[{"__type__":"cc.ClickEvent","target":{"__id__":1},"_componentId":"f1288iQqNFAJbeq504IG+R/","handler":"PraiseDayList"}],"_N$transition":2,"transition":2,"_N$normalColor":{"__type__":"cc.Color","r":230,"g":230,"b":230},"_N$pressedColor":{"__type__":"cc.Color","r":200,"g":200,"b":200},"pressedColor":{"__type__":"cc.Color","r":200,"g":200,"b":200},"_N$disabledColor":{"__type__":"cc.Color","r":120,"g":120,"b":120,"a":200},"_N$normalSprite":{"__uuid__":"28XvLp8xhLJ5OjWStxv9nM"},"_N$pressedSprite":{"__uuid__":"28XvLp8xhLJ5OjWStxv9nM"},"pressedSprite":{"__uuid__":"28XvLp8xhLJ5OjWStxv9nM"},"_N$hoverSprite":{"__uuid__":"28XvLp8xhLJ5OjWStxv9nM"},"hoverSprite":{"__uuid__":"28XvLp8xhLJ5OjWStxv9nM"},"_N$disabledSprite":{"__uuid__":"28XvLp8xhLJ5OjWStxv9nM"},"_N$target":{"__id__":62}}],"_prefab":{"__type__":"cc.PrefabInfo","root":{"__id__":1},"asset":{"__uuid__":"66N3MH4UNOjbAX+mdHqaI+"},"fileId":"aca4O+RkhMa7vyOqfc77Um"},"_contentSize":{"__type__":"cc.Size","width":241,"height":50},"_position":{"__type__":"cc.Vec3","x":-245}},{"__type__":"cc.Node","_name":"Background","_parent":{"__id__":61},"_children":[{"__id__":63}],"_level":2,"_components":[{"__type__":"cc.Sprite","node":{"__id__":62},"_materials":[{"__uuid__":"ecpdLyjvZBwrvm+cedCcQy"}],"_spriteFrame":{"__uuid__":"28XvLp8xhLJ5OjWStxv9nM"},"_type":1,"_sizeMode":0},{"__type__":"cc.Widget","node":{"__id__":62},"alignMode":0,"_alignFlags":45,"_originalWidth":100,"_originalHeight":40}],"_prefab":{"__type__":"cc.PrefabInfo","root":{"__id__":1},"asset":{"__uuid__":"66N3MH4UNOjbAX+mdHqaI+"},"fileId":"6c9LOaCjRM07iNX5zvCxZz"},"_color":{"__type__":"cc.Color","r":230,"g":230,"b":230},"_contentSize":{"__type__":"cc.Size","width":241,"height":50}},{"__type__":"cc.Node","_name":"Label","_parent":{"__id__":62},"_level":3,"_components":[{"__type__":"cc.Label","node":{"__id__":63},"_materials":[{"__uuid__":"ecpdLyjvZBwrvm+cedCcQy"}],"_useOriginalSize":false,"_string":"点赞日榜","_N$string":"点赞日榜","_fontSize":24,"_lineHeight":33,"_enableWrapText":false,"_N$horizontalAlign":1,"_N$verticalAlign":1,"_N$overflow":1}],"_prefab":{"__type__":"cc.PrefabInfo","root":{"__id__":1},"asset":{"__uuid__":"66N3MH4UNOjbAX+mdHqaI+"},"fileId":"9fsrpbTJBJ5Y7frta1YLq8"},"_color":{"__type__":"cc.Color","r":82,"g":63,"b":21},"_contentSize":{"__type__":"cc.Size","width":100,"height":40}},{"__type__":"cc.Node","_name":"PraiseWeekText","_parent":{"__id__":59},"_level":5,"_components":[{"__type__":"cc.Label","node":{"__id__":64},"_materials":[{"__uuid__":"ecpdLyjvZBwrvm+cedCcQy"}],"_useOriginalSize":false,"_string":"点赞周榜","_N$string":"点赞周榜","_fontSize":24,"_lineHeight":33,"_enableWrapText":false,"_N$horizontalAlign":1,"_N$verticalAlign":1,"_N$overflow":1}],"_prefab":{"__type__":"cc.PrefabInfo","root":{"__id__":1},"asset":{"__uuid__":"66N3MH4UNOjbAX+mdHqaI+"},"fileId":"a9m7VVU5hEq4Bghb0V/rtN"},"_opacity":112.2,"_contentSize":{"__type__":"cc.Size","width":100,"height":40},"_position":{"__type__":"cc.Vec3","x":9}},{"__type__":"cc.Node","_name":"praiseWeekBtn","_parent":{"__id__":59},"_children":[{"__id__":66}],"_level":4,"_components":[{"__type__":"cc.Button","node":{"__id__":65},"clickEvents":[{"__type__":"cc.ClickEvent","target":{"__id__":1},"_componentId":"f1288iQqNFAJbeq504IG+R/","handler":"PraiseWeekList"}],"_N$transition":2,"transition":2,"_N$normalColor":{"__type__":"cc.Color","r":230,"g":230,"b":230},"_N$pressedColor":{"__type__":"cc.Color","r":200,"g":200,"b":200},"pressedColor":{"__type__":"cc.Color","r":200,"g":200,"b":200},"_N$disabledColor":{"__type__":"cc.Color","r":120,"g":120,"b":120,"a":200},"_N$normalSprite":{"__uuid__":"28XvLp8xhLJ5OjWStxv9nM"},"_N$pressedSprite":{"__uuid__":"28XvLp8xhLJ5OjWStxv9nM"},"pressedSprite":{"__uuid__":"28XvLp8xhLJ5OjWStxv9nM"},"_N$hoverSprite":{"__uuid__":"28XvLp8xhLJ5OjWStxv9nM"},"hoverSprite":{"__uuid__":"28XvLp8xhLJ5OjWStxv9nM"},"_N$disabledSprite":{"__uuid__":"28XvLp8xhLJ5OjWStxv9nM"},"_N$target":{"__id__":66}}],"_prefab":{"__type__":"cc.PrefabInfo","root":{"__id__":1},"asset":{"__uuid__":"66N3MH4UNOjbAX+mdHqaI+"},"fileId":"8fjwVJDt9DxqKuM2o+9zbq"},"_opacity":0,"_contentSize":{"__type__":"cc.Size","width":241,"height":50},"_position":{"__type__":"cc.Vec3","x":-4}},{"__type__":"cc.Node","_name":"Background","_parent":{"__id__":65},"_children":[{"__id__":67}],"_level":2,"_components":[{"__type__":"cc.Sprite","node":{"__id__":66},"_materials":[{"__uuid__":"ecpdLyjvZBwrvm+cedCcQy"}],"_spriteFrame":{"__uuid__":"28XvLp8xhLJ5OjWStxv9nM"},"_type":1,"_sizeMode":0},{"__type__":"cc.Widget","node":{"__id__":66},"alignMode":0,"_alignFlags":45,"_originalWidth":100,"_originalHeight":40}],"_prefab":{"__type__":"cc.PrefabInfo","root":{"__id__":1},"asset":{"__uuid__":"66N3MH4UNOjbAX+mdHqaI+"},"fileId":"5dlFSwHhlMrZV+L33t9oPo"},"_color":{"__type__":"cc.Color","r":230,"g":230,"b":230},"_contentSize":{"__type__":"cc.Size","width":241,"height":50}},{"__type__":"cc.Node","_name":"Label","_parent":{"__id__":66},"_level":3,"_components":[{"__type__":"cc.Label","node":{"__id__":67},"_materials":[{"__uuid__":"ecpdLyjvZBwrvm+cedCcQy"}],"_useOriginalSize":false,"_string":"点赞周榜","_N$string":"点赞周榜","_fontSize":24,"_lineHeight":33,"_enableWrapText":false,"_N$horizontalAlign":1,"_N$verticalAlign":1,"_N$overflow":1}],"_prefab":{"__type__":"cc.PrefabInfo","root":{"__id__":1},"asset":{"__uuid__":"66N3MH4UNOjbAX+mdHqaI+"},"fileId":"60KqpzYApL6qYTcat74cwg"},"_color":{"__type__":"cc.Color","r":82,"g":63,"b":21},"_contentSize":{"__type__":"cc.Size","width":100,"height":40}},{"__type__":"cc.Node","_name":"PraiseTotalText","_parent":{"__id__":59},"_level":5,"_components":[{"__type__":"cc.Label","node":{"__id__":68},"_materials":[{"__uuid__":"ecpdLyjvZBwrvm+cedCcQy"}],"_useOriginalSize":false,"_string":"点赞总榜","_N$string":"点赞总榜","_fontSize":24,"_lineHeight":33,"_enableWrapText":false,"_N$horizontalAlign":1,"_N$verticalAlign":1,"_N$overflow":1}],"_prefab":{"__type__":"cc.PrefabInfo","root":{"__id__":1},"asset":{"__uuid__":"66N3MH4UNOjbAX+mdHqaI+"},"fileId":"41sSUAQtpCXrnV+QoiNgbk"},"_opacity":112.2,"_contentSize":{"__type__":"cc.Size","width":100,"height":40},"_position":{"__type__":"cc.Vec3","x":229}},{"__type__":"cc.Node","_name":"praiseTotalBtn","_parent":{"__id__":59},"_children":[{"__id__":70}],"_level":4,"_components":[{"__type__":"cc.Button","node":{"__id__":69},"clickEvents":[{"__type__":"cc.ClickEvent","target":{"__id__":1},"_componentId":"f1288iQqNFAJbeq504IG+R/","handler":"PraiseTotalList"}],"_N$transition":2,"transition":2,"_N$normalColor":{"__type__":"cc.Color","r":230,"g":230,"b":230},"_N$pressedColor":{"__type__":"cc.Color","r":200,"g":200,"b":200},"pressedColor":{"__type__":"cc.Color","r":200,"g":200,"b":200},"_N$disabledColor":{"__type__":"cc.Color","r":120,"g":120,"b":120,"a":200},"_N$normalSprite":{"__uuid__":"28XvLp8xhLJ5OjWStxv9nM"},"_N$pressedSprite":{"__uuid__":"28XvLp8xhLJ5OjWStxv9nM"},"pressedSprite":{"__uuid__":"28XvLp8xhLJ5OjWStxv9nM"},"_N$hoverSprite":{"__uuid__":"28XvLp8xhLJ5OjWStxv9nM"},"hoverSprite":{"__uuid__":"28XvLp8xhLJ5OjWStxv9nM"},"_N$disabledSprite":{"__uuid__":"28XvLp8xhLJ5OjWStxv9nM"},"_N$target":{"__id__":70}}],"_prefab":{"__type__":"cc.PrefabInfo","root":{"__id__":1},"asset":{"__uuid__":"66N3MH4UNOjbAX+mdHqaI+"},"fileId":"51U5nsNA1AsqRqZ7vHRl+1"},"_opacity":0,"_contentSize":{"__type__":"cc.Size","width":241,"height":50},"_position":{"__type__":"cc.Vec3","x":236}},{"__type__":"cc.Node","_name":"Background","_parent":{"__id__":69},"_children":[{"__id__":71}],"_level":2,"_components":[{"__type__":"cc.Sprite","node":{"__id__":70},"_materials":[{"__uuid__":"ecpdLyjvZBwrvm+cedCcQy"}],"_spriteFrame":{"__uuid__":"28XvLp8xhLJ5OjWStxv9nM"},"_type":1,"_sizeMode":0},{"__type__":"cc.Widget","node":{"__id__":70},"alignMode":0,"_alignFlags":45,"_left":-3.552713678800501e-15,"_right":3.552713678800501e-15,"_originalWidth":100,"_originalHeight":40}],"_prefab":{"__type__":"cc.PrefabInfo","root":{"__id__":1},"asset":{"__uuid__":"66N3MH4UNOjbAX+mdHqaI+"},"fileId":"040dJlsfRFqJ+AYVvXieA/"},"_color":{"__type__":"cc.Color","r":230,"g":230,"b":230},"_contentSize":{"__type__":"cc.Size","width":241,"height":50}},{"__type__":"cc.Node","_name":"Label","_parent":{"__id__":70},"_level":3,"_components":[{"__type__":"cc.Label","node":{"__id__":71},"_materials":[{"__uuid__":"ecpdLyjvZBwrvm+cedCcQy"}],"_useOriginalSize":false,"_string":"点赞总榜","_N$string":"点赞总榜","_fontSize":24,"_lineHeight":33,"_enableWrapText":false,"_N$horizontalAlign":1,"_N$verticalAlign":1,"_N$overflow":1}],"_prefab":{"__type__":"cc.PrefabInfo","root":{"__id__":1},"asset":{"__uuid__":"66N3MH4UNOjbAX+mdHqaI+"},"fileId":"00Xz1cf41P8JQ40UA0gZbJ"},"_color":{"__type__":"cc.Color","r":82,"g":63,"b":21},"_contentSize":{"__type__":"cc.Size","width":100,"height":40}},{"__type__":"cc.Node","_name":"thumb_r_top","_parent":{"__id__":40},"_children":[{"__id__":73},{"__id__":74},{"__id__":75},{"__id__":76},{"__id__":80}],"_level":4,"_components":[{"__type__":"cc.Sprite","node":{"__id__":72},"_materials":[{"__uuid__":"ecpdLyjvZBwrvm+cedCcQy"}],"_spriteFrame":{"__uuid__":"2bCPRnaDlPooB7gfbeq7WC"},"_sizeMode":0}],"_prefab":{"__type__":"cc.PrefabInfo","root":{"__id__":1},"asset":{"__uuid__":"66N3MH4UNOjbAX+mdHqaI+"},"fileId":"86+zPUaqxGNr9iSlq+9v3K"},"_contentSize":{"__type__":"cc.Size","width":732,"height":50},"_position":{"__type__":"cc.Vec3","x":231.261,"y":7.799}},{"__type__":"cc.Node","_name":"rank","_parent":{"__id__":72},"_level":5,"_components":[{"__type__":"cc.Label","node":{"__id__":73},"_materials":[{"__uuid__":"ecpdLyjvZBwrvm+cedCcQy"}],"_useOriginalSize":false,"_string":"排名","_N$string":"排名","_fontSize":24,"_lineHeight":33,"_N$horizontalAlign":1,"_N$verticalAlign":1}],"_prefab":{"__type__":"cc.PrefabInfo","root":{"__id__":1},"asset":{"__uuid__":"66N3MH4UNOjbAX+mdHqaI+"},"fileId":"61W5SsZARE2pmF1roff3ID"},"_opacity":112.2,"_contentSize":{"__type__":"cc.Size","width":48,"height":41.58},"_position":{"__type__":"cc.Vec3","x":-265,"y":3}},{"__type__":"cc.Node","_name":"nick","_parent":{"__id__":72},"_level":5,"_components":[{"__type__":"cc.Label","node":{"__id__":74},"_materials":[{"__uuid__":"ecpdLyjvZBwrvm+cedCcQy"}],"_useOriginalSize":false,"_string":"昵称","_N$string":"昵称","_fontSize":24,"_lineHeight":33,"_N$horizontalAlign":1,"_N$verticalAlign":1}],"_prefab":{"__type__":"cc.PrefabInfo","root":{"__id__":1},"asset":{"__uuid__":"66N3MH4UNOjbAX+mdHqaI+"},"fileId":"eaS1AAJWtM4IAswUgckEIX"},"_opacity":112.2,"_contentSize":{"__type__":"cc.Size","width":48,"height":41.58},"_position":{"__type__":"cc.Vec3","x":-35,"y":3}},{"__type__":"cc.Node","_name":"thumbNum","_parent":{"__id__":72},"_level":5,"_components":[{"__type__":"cc.Label","node":{"__id__":75},"_materials":[{"__uuid__":"ecpdLyjvZBwrvm+cedCcQy"}],"_useOriginalSize":false,"_string":"点赞数","_N$string":"点赞数","_fontSize":24,"_lineHeight":33,"_N$horizontalAlign":1,"_N$verticalAlign":1}],"_prefab":{"__type__":"cc.PrefabInfo","root":{"__id__":1},"asset":{"__uuid__":"66N3MH4UNOjbAX+mdHqaI+"},"fileId":"e3Y7RRPo9EKZfrMdST05xZ"},"_opacity":112.2,"_contentSize":{"__type__":"cc.Size","width":72,"height":41.58},"_position":{"__type__":"cc.Vec3","x":200,"y":3}},{"__type__":"cc.Node","_name":"rankListItem","_parent":{"__id__":72},"_children":[{"__id__":77},{"__id__":78},{"__id__":79}],"_active":false,"_level":5,"_components":[{"__type__":"cc.Sprite","node":{"__id__":76},"_materials":[{"__uuid__":"ecpdLyjvZBwrvm+cedCcQy"}],"_spriteFrame":{"__uuid__":"2bCPRnaDlPooB7gfbeq7WC"},"_sizeMode":0}],"_prefab":{"__type__":"cc.PrefabInfo","root":{"__id__":1},"asset":{"__uuid__":"66N3MH4UNOjbAX+mdHqaI+"},"fileId":"fbI9cLo8lGT4NnWA3ypLoa"},"_contentSize":{"__type__":"cc.Size","width":732,"height":80},"_anchorPoint":{"__type__":"cc.Vec2","y":1},"_position":{"__type__":"cc.Vec3","x":-366.09,"y":-38.735}},{"__type__":"cc.Node","_name":"rank","_parent":{"__id__":76},"_level":1,"_components":[{"__type__":"cc.Label","node":{"__id__":77},"_materials":[{"__uuid__":"ecpdLyjvZBwrvm+cedCcQy"}],"_useOriginalSize":false,"_string":"1","_N$string":"1","_fontSize":24,"_lineHeight":33,"_N$horizontalAlign":1,"_N$verticalAlign":1}],"_prefab":{"__type__":"cc.PrefabInfo","root":{"__id__":1},"asset":{"__uuid__":"66N3MH4UNOjbAX+mdHqaI+"},"fileId":"cexkjIilFGoY+EuvYRkcNG"},"_contentSize":{"__type__":"cc.Size","width":13.35,"height":41.58},"_position":{"__type__":"cc.Vec3","x":100.662,"y":-40.892}},{"__type__":"cc.Node","_name":"nick","_parent":{"__id__":76},"_level":1,"_components":[{"__type__":"cc.Label","node":{"__id__":78},"_materials":[{"__uuid__":"ecpdLyjvZBwrvm+cedCcQy"}],"_useOriginalSize":false,"_string":"昵称","_N$string":"昵称","_fontSize":24,"_lineHeight":33,"_N$horizontalAlign":1,"_N$verticalAlign":1}],"_prefab":{"__type__":"cc.PrefabInfo","root":{"__id__":1},"asset":{"__uuid__":"66N3MH4UNOjbAX+mdHqaI+"},"fileId":"b92BzYClFO1LwDcJgy9kxG"},"_contentSize":{"__type__":"cc.Size","width":48,"height":41.58},"_position":{"__type__":"cc.Vec3","x":330.888,"y":-39.773}},{"__type__":"cc.Node","_name":"thumbNum_txet","_parent":{"__id__":76},"_level":1,"_components":[{"__type__":"cc.Label","node":{"__id__":79},"_materials":[{"__uuid__":"ecpdLyjvZBwrvm+cedCcQy"}],"_useOriginalSize":false,"_string":"点赞人数","_N$string":"点赞人数","_fontSize":24,"_lineHeight":33,"_N$horizontalAlign":1,"_N$verticalAlign":1}],"_prefab":{"__type__":"cc.PrefabInfo","root":{"__id__":1},"asset":{"__uuid__":"66N3MH4UNOjbAX+mdHqaI+"},"fileId":"005o1aYQ1Dk6mZAvIiEpAr"},"_contentSize":{"__type__":"cc.Size","width":96,"height":41.58},"_position":{"__type__":"cc.Vec3","x":564.223,"y":-38.95}},{"__type__":"cc.Node","_name":"rankList","_parent":{"__id__":72},"_children":[{"__id__":81},{"__id__":87}],"_level":5,"_components":[{"__type__":"cc.Sprite","node":{"__id__":80},"_materials":[{"__uuid__":"ecpdLyjvZBwrvm+cedCcQy"}],"_type":1,"_sizeMode":0},{"__id__":85}],"_prefab":{"__type__":"cc.PrefabInfo","root":{"__id__":1},"asset":{"__uuid__":"66N3MH4UNOjbAX+mdHqaI+"},"fileId":"288zs7GkNPzJnDs/JhHrkD"},"_contentSize":{"__type__":"cc.Size","width":732,"height":400},"_position":{"__type__":"cc.Vec3","x":2.52,"y":-216.266}},{"__type__":"cc.Node","_name":"scrollBar","_parent":{"__id__":80},"_children":[{"__id__":82}],"_active":false,"_components":[{"__id__":84},{"__type__":"cc.Widget","node":{"__id__":81},"alignMode":0,"_alignFlags":37,"_left":350.07654921020657,"_originalHeight":237},{"__type__":"cc.Sprite","node":{"__id__":81},"_materials":[{"__uuid__":"ecpdLyjvZBwrvm+cedCcQy"}],"_spriteFrame":{"__uuid__":"5f5dyqtRNNxaFmVzYns6FZ"},"_type":1,"_sizeMode":0}],"_prefab":{"__type__":"cc.PrefabInfo","root":{"__id__":1},"asset":{"__uuid__":"66N3MH4UNOjbAX+mdHqaI+"},"fileId":"fduAhfH1hLCpvlrRjomQkp"},"_contentSize":{"__type__":"cc.Size","width":12,"height":250},"_anchorPoint":{"__type__":"cc.Vec2","x":1,"y":0.5},"_position":{"__type__":"cc.Vec3","x":366}},{"__type__":"cc.Node","_name":"bar","_parent":{"__id__":81},"_components":[{"__id__":83}],"_prefab":{"__type__":"cc.PrefabInfo","root":{"__id__":1},"asset":{"__uuid__":"66N3MH4UNOjbAX+mdHqaI+"},"fileId":"97ymjEafJLOYL3vue+S28A"},"_contentSize":{"__type__":"cc.Size","width":10,"height":30},"_anchorPoint":{"__type__":"cc.Vec2","x":1},"_position":{"__type__":"cc.Vec3","x":-1}},{"__type__":"cc.Sprite","node":{"__id__":82},"_materials":[{"__uuid__":"ecpdLyjvZBwrvm+cedCcQy"}],"_spriteFrame":{"__uuid__":"5cO7kybDxGj4ipyMYdRYZB"},"_type":1,"_sizeMode":0},{"__type__":"cc.Scrollbar","node":{"__id__":81},"_scrollView":{"__id__":85},"_N$handle":{"__id__":83},"_N$direction":1},{"__type__":"cc.ScrollView","node":{"__id__":80},"horizontal":false,"brake":0.75,"bounceDuration":0.23,"_N$content":{"__id__":86},"content":{"__id__":86},"_N$horizontalScrollBar":null,"_N$verticalScrollBar":{"__id__":84}},{"__type__":"cc.Node","_name":"content","_parent":{"__id__":87},"_prefab":{"__type__":"cc.PrefabInfo","root":{"__id__":1},"asset":{"__uuid__":"66N3MH4UNOjbAX+mdHqaI+"},"fileId":"5c0iIoEdBAdYo6AtXNIkGn"},"_contentSize":{"__type__":"cc.Size","width":732,"height":430},"_anchorPoint":{"__type__":"cc.Vec2","x":0.5,"y":1},"_position":{"__type__":"cc.Vec3","x":4.63,"y":211.432}},{"__type__":"cc.Node","_name":"view","_parent":{"__id__":80},"_children":[{"__id__":86}],"_components":[{"__type__":"cc.Mask","node":{"__id__":87},"_materials":[{"__uuid__":"ecpdLyjvZBwrvm+cedCcQy"}]}],"_prefab":{"__type__":"cc.PrefabInfo","root":{"__id__":1},"asset":{"__uuid__":"66N3MH4UNOjbAX+mdHqaI+"},"fileId":"a8voMi69FLeZlLKElpJdgN"},"_contentSize":{"__type__":"cc.Size","width":732,"height":430},"_position":{"__type__":"cc.Vec3","x":-2,"y":-22.437}}],{"__type__":"cc.SpriteFrame","content":{"name":"c_btn_share","texture":"67PEUvFKJEKpT81VCf4k5g","rect":[0,0,46,54],"offset":[0,0],"originalSize":[46,54],"capInsets":[0,0,0,0]}},{"__type__":"cc.SpriteFrame","content":{"name":"c_yellow_0","texture":"65otNTnydK1Kr+3Vnbn5cJ","rect":[0,0,62,177],"offset":[0,0],"originalSize":[62,177],"capInsets":[0,0,0,0]}},{"__type__":"cc.SpriteFrame","content":{"name":"record_tucao","texture":"91auXGTypMD6mGEcHlbMuU","rect":[0,0,141,23],"offset":[0,0],"originalSize":[141,23],"capInsets":[0,0,0,0]}},{"__type__":"cc.SpriteFrame","content":{"name":"default_panel","texture":"d8HsitJHxOYqo801xBk8ev","rect":[0,0,20,20],"offset":[0,0],"originalSize":[20,20],"capInsets":[6,6,6,6]}},{"__type__":"cc.SpriteFrame","content":{"name":"c_icon","texture":"51DbETUm9PW5IA6c8t0an8","rect":[0,0,56,64],"offset":[0,0],"originalSize":[56,64],"capInsets":[0,0,0,0]}},{"__type__":"cc.SpriteFrame","content":{"name":"c_btn_grey","texture":"598Afev0NPiYyUJx9ZNtLX","rect":[0,0,110,40],"offset":[0,0],"originalSize":[110,40],"capInsets":[0,0,0,0]}},{"__type__":"cc.SpriteFrame","content":{"name":"vague_bg","texture":"ddj4JSibtPa6UoV2V7GeG/","rect":[0,0,1280,720],"offset":[0,0],"originalSize":[1280,720],"capInsets":[0,0,0,0]}},{"__type__":"cc.SpriteFrame","content":{"name":"c_btn_back","texture":"6ftzy4UX5JsK8xGbfT7cC5","rect":[0,0,30,28],"offset":[0,0],"originalSize":[30,28],"capInsets":[0,0,0,0]}}]